Equation,a,b,c,fx,fy,fxx,fyy,fxy,D,Result
a*x**2 + b*y**2,-16,32,0,-32*x,64*y,-32,64,0,-2048.0,Saddle Point
a*x**2 + b*y**2,-8,9,0,-16*x,18*y,-16,18,0,-288.0,Saddle Point
a*x**2 + b*y**2,-34,-17,0,-68*x,-34*y,-68,-34,0,2312.0,Maximum
a*x**2 + b*y**2,10,-37,0,20*x,-74*y,20,-74,0,-1480.0,Saddle Point
a*x**2 + b*y**2,-29,21,0,-58*x,42*y,-58,42,0,-2436.0,Saddle Point
a*x**2 + b*y**2,37,8,0,74*x,16*y,74,16,0,1184.0,Minimum
a*x**2 + b*y**2,26,36,0,52*x,72*y,52,72,0,3744.0,Minimum
a*x**2 + b*y**2,-22,-50,0,-44*x,-100*y,-44,-100,0,4400.0,Maximum
a*x**2 + b*y**2,-31,30,0,-62*x,60*y,-62,60,0,-3720.0,Saddle Point
a*x**2 + b*y**2,42,-4,0,84*x,-8*y,84,-8,0,-672.0,Saddle Point
a*x**2 + b*y**2,45,6,0,90*x,12*y,90,12,0,1080.0,Minimum
a*x**2 + b*y**2,-16,8,0,-32*x,16*y,-32,16,0,-512.0,Saddle Point
a*x**2 + b*y**2,-12,-50,0,-24*x,-100*y,-24,-100,0,2400.0,Maximum
a*x**2 + b*y**2,-1,49,0,-2*x,98*y,-2,98,0,-196.0,Saddle Point
a*x**2 + b*y**2,48,-27,0,96*x,-54*y,96,-54,0,-5184.0,Saddle Point
a*x**2 + b*y**2,15,-39,0,30*x,-78*y,30,-78,0,-2340.0,Saddle Point
a*x**2 + b*y**2,-46,-29,0,-92*x,-58*y,-92,-58,0,5336.0,Maximum
a*x**2 + b*y**2,14,-12,0,28*x,-24*y,28,-24,0,-672.0,Saddle Point
a*x**2 + b*y**2,-32,28,0,-64*x,56*y,-64,56,0,-3584.0,Saddle Point
a*x**2 + b*y**2,16,5,0,32*x,10*y,32,10,0,320.0,Minimum
a*x**2 + b*y**2,28,15,0,56*x,30*y,56,30,0,1680.0,Minimum
a*x**2 + b*y**2,50,-25,0,100*x,-50*y,100,-50,0,-5000.0,Saddle Point
a*x**2 + b*y**2,17,16,0,34*x,32*y,34,32,0,1088.0,Minimum
a*x**2 + b*y**2,16,31,0,32*x,62*y,32,62,0,1984.0,Minimum
a*x**2 + b*y**2,10,18,0,20*x,36*y,20,36,0,720.0,Minimum
a*x**2 + b*y**2,0,7,0,0,14*y,0,14,0,0.0,Inconclusive
a*x**2 + b*y**2,-13,-37,0,-26*x,-74*y,-26,-74,0,1924.0,Maximum
a*x**2 + b*y**2,-45,13,0,-90*x,26*y,-90,26,0,-2340.0,Saddle Point
a*x**2 + b*y**2,-44,29,0,-88*x,58*y,-88,58,0,-5104.0,Saddle Point
a*x**2 + b*y**2,-45,29,0,-90*x,58*y,-90,58,0,-5220.0,Saddle Point
a*x**2 + b*y**2,-22,1,0,-44*x,2*y,-44,2,0,-88.0,Saddle Point
a*x**2 + b*y**2,-25,20,0,-50*x,40*y,-50,40,0,-2000.0,Saddle Point
a*x**2 + b*y**2,17,-23,0,34*x,-46*y,34,-46,0,-1564.0,Saddle Point
a*x**2 + b*y**2,-28,-17,0,-56*x,-34*y,-56,-34,0,1904.0,Maximum
a*x**2 + b*y**2,-42,-27,0,-84*x,-54*y,-84,-54,0,4536.0,Maximum
a*x**2 + b*y**2,34,49,0,68*x,98*y,68,98,0,6664.0,Minimum
a*x**2 + b*y**2,38,1,0,76*x,2*y,76,2,0,152.0,Minimum
a*x**2 + b*y**2,43,14,0,86*x,28*y,86,28,0,2408.0,Minimum
a*x**2 + b*y**2,-35,8,0,-70*x,16*y,-70,16,0,-1120.0,Saddle Point
a*x**2 + b*y**2,19,-50,0,38*x,-100*y,38,-100,0,-3800.0,Saddle Point
a*x**2 + b*y**2,50,-10,0,100*x,-20*y,100,-20,0,-2000.0,Saddle Point
a*x**2 + b*y**2,-19,48,0,-38*x,96*y,-38,96,0,-3648.0,Saddle Point
a*x**2 + b*y**2,14,45,0,28*x,90*y,28,90,0,2520.0,Minimum
a*x**2 + b*y**2,21,15,0,42*x,30*y,42,30,0,1260.0,Minimum
a*x**2 + b*y**2,43,37,0,86*x,74*y,86,74,0,6364.0,Minimum
a*x**2 + b*y**2,-24,-37,0,-48*x,-74*y,-48,-74,0,3552.0,Maximum
a*x**2 + b*y**2,-30,-21,0,-60*x,-42*y,-60,-42,0,2520.0,Maximum
a*x**2 + b*y**2,-15,45,0,-30*x,90*y,-30,90,0,-2700.0,Saddle Point
a*x**2 + b*y**2,-39,-13,0,-78*x,-26*y,-78,-26,0,2028.0,Maximum
a*x**2 + b*y**2,45,28,0,90*x,56*y,90,56,0,5040.0,Minimum
a*x**2 + b*y**2,-43,0,0,-86*x,0,-86,0,0,0.0,Inconclusive
a*x**2 + b*y**2,39,-45,0,78*x,-90*y,78,-90,0,-7020.0,Saddle Point
a*x**2 + b*y**2,38,-33,0,76*x,-66*y,76,-66,0,-5016.0,Saddle Point
a*x**2 + b*y**2,-35,-23,0,-70*x,-46*y,-70,-46,0,3220.0,Maximum
a*x**2 + b*y**2,26,50,0,52*x,100*y,52,100,0,5200.0,Minimum
a*x**2 + b*y**2,24,48,0,48*x,96*y,48,96,0,4608.0,Minimum
a*x**2 + b*y**2,36,-23,0,72*x,-46*y,72,-46,0,-3312.0,Saddle Point
a*x**2 + b*y**2,30,22,0,60*x,44*y,60,44,0,2640.0,Minimum
a*x**2 + b*y**2,10,38,0,20*x,76*y,20,76,0,1520.0,Minimum
a*x**2 + b*y**2,19,-36,0,38*x,-72*y,38,-72,0,-2736.0,Saddle Point
a*x**2 + b*y**2,11,3,0,22*x,6*y,22,6,0,132.0,Minimum
a*x**2 + b*y**2,45,47,0,90*x,94*y,90,94,0,8460.0,Minimum
a*x**2 + b*y**2,1,-37,0,2*x,-74*y,2,-74,0,-148.0,Saddle Point
a*x**2 + b*y**2,3,-41,0,6*x,-82*y,6,-82,0,-492.0,Saddle Point
a*x**2 + b*y**2,-11,27,0,-22*x,54*y,-22,54,0,-1188.0,Saddle Point
a*x**2 + b*y**2,-3,43,0,-6*x,86*y,-6,86,0,-516.0,Saddle Point
a*x**2 + b*y**2,-27,-45,0,-54*x,-90*y,-54,-90,0,4860.0,Maximum
a*x**2 + b*y**2,-40,31,0,-80*x,62*y,-80,62,0,-4960.0,Saddle Point
a*x**2 + b*y**2,31,-11,0,62*x,-22*y,62,-22,0,-1364.0,Saddle Point
a*x**2 + b*y**2,35,-21,0,70*x,-42*y,70,-42,0,-2940.0,Saddle Point
a*x**2 + b*y**2,-43,-2,0,-86*x,-4*y,-86,-4,0,344.0,Maximum
a*x**2 + b*y**2,-39,-38,0,-78*x,-76*y,-78,-76,0,5928.0,Maximum
a*x**2 + b*y**2,12,-49,0,24*x,-98*y,24,-98,0,-2352.0,Saddle Point
a*x**2 + b*y**2,-5,12,0,-10*x,24*y,-10,24,0,-240.0,Saddle Point
a*x**2 + b*y**2,20,-10,0,40*x,-20*y,40,-20,0,-800.0,Saddle Point
a*x**2 + b*y**2 + c*x*y,-25,-49,30,-50*x + 30*y,30*x - 98*y,-50,-98,30,4000.0,Maximum
a*x**2 + b*y**2 + c*x*y,35,39,-36,70*x - 36*y,-36*x + 78*y,70,78,-36,4164.0,Minimum
a*x**2 + b*y**2 + c*x*y,37,29,37,74*x + 37*y,37*x + 58*y,74,58,37,2923.0,Minimum
a*x**2 + b*y**2 + c*x*y,1,-21,0,2*x,-42*y,2,-42,0,-84.0,Saddle Point
a*x**2 + b*y**2 + c*x*y,-16,-42,11,-32*x + 11*y,11*x - 84*y,-32,-84,11,2567.0,Maximum
a*x**2 + b*y**2 + c*x*y,-28,11,44,-56*x + 44*y,44*x + 22*y,-56,22,44,-3168.0,Saddle Point
a*x**2 + b*y**2 + c*x*y,7,26,-3,14*x - 3*y,-3*x + 52*y,14,52,-3,719.0,Minimum
a*x**2 + b*y**2 + c*x*y,23,37,13,46*x + 13*y,13*x + 74*y,46,74,13,3235.0,Minimum
a*x**2 + b*y**2 + c*x*y,-7,16,-5,-14*x - 5*y,-5*x + 32*y,-14,32,-5,-473.0,Saddle Point
a*x**2 + b*y**2 + c*x*y,29,-32,50,58*x + 50*y,50*x - 64*y,58,-64,50,-6212.0,Saddle Point
a*x**2 + b*y**2 + c*x*y,-12,45,21,-24*x + 21*y,21*x + 90*y,-24,90,21,-2601.0,Saddle Point
a*x**2 + b*y**2 + c*x*y,31,-24,40,62*x + 40*y,40*x - 48*y,62,-48,40,-4576.0,Saddle Point
a*x**2 + b*y**2 + c*x*y,-34,35,40,-68*x + 40*y,40*x + 70*y,-68,70,40,-6360.0,Saddle Point
a*x**2 + b*y**2 + c*x*y,-43,45,33,-86*x + 33*y,33*x + 90*y,-86,90,33,-8829.0,Saddle Point
a*x**2 + b*y**2 + c*x*y,36,47,-39,72*x - 39*y,-39*x + 94*y,72,94,-39,5247.0,Minimum
a*x**2 + b*y**2 + c*x*y,14,-19,-39,28*x - 39*y,-39*x - 38*y,28,-38,-39,-2585.0,Saddle Point
a*x**2 + b*y**2 + c*x*y,-20,-40,-3,-40*x - 3*y,-3*x - 80*y,-40,-80,-3,3191.0,Maximum
a*x**2 + b*y**2 + c*x*y,-10,47,-34,-20*x - 34*y,-34*x + 94*y,-20,94,-34,-3036.0,Saddle Point
a*x**2 + b*y**2 + c*x*y,-44,-48,26,-88*x + 26*y,26*x - 96*y,-88,-96,26,7772.0,Maximum
a*x**2 + b*y**2 + c*x*y,-37,10,33,-74*x + 33*y,33*x + 20*y,-74,20,33,-2569.0,Saddle Point
a*x**2 + b*y**2 + c*x*y,-17,-27,10,-34*x + 10*y,10*x - 54*y,-34,-54,10,1736.0,Maximum
a*x**2 + b*y**2 + c*x*y,20,-8,43,40*x + 43*y,43*x - 16*y,40,-16,43,-2489.0,Saddle Point
a*x**2 + b*y**2 + c*x*y,28,6,-19,56*x - 19*y,-19*x + 12*y,56,12,-19,311.0,Minimum
a*x**2 + b*y**2 + c*x*y,30,27,-38,60*x - 38*y,-38*x + 54*y,60,54,-38,1796.0,Minimum
a*x**2 + b*y**2 + c*x*y,3,-46,27,6*x + 27*y,27*x - 92*y,6,-92,27,-1281.0,Saddle Point
a*x**2 + b*y**2 + c*x*y,1,-27,4,2*x + 4*y,4*x - 54*y,2,-54,4,-124.0,Saddle Point
a*x**2 + b*y**2 + c*x*y,32,17,-29,64*x - 29*y,-29*x + 34*y,64,34,-29,1335.0,Minimum
a*x**2 + b*y**2 + c*x*y,-16,-15,-41,-32*x - 41*y,-41*x - 30*y,-32,-30,-41,-721.0,Saddle Point
a*x**2 + b*y**2 + c*x*y,37,33,2,74*x + 2*y,2*x + 66*y,74,66,2,4880.0,Minimum
a*x**2 + b*y**2 + c*x*y,26,42,7,52*x + 7*y,7*x + 84*y,52,84,7,4319.0,Minimum
a*x**2 + b*y**2 + c*x*y,-43,38,26,-86*x + 26*y,26*x + 76*y,-86,76,26,-7212.0,Saddle Point
a*x**2 + b*y**2 + c*x*y,42,40,-45,84*x - 45*y,-45*x + 80*y,84,80,-45,4695.0,Minimum
a*x**2 + b*y**2 + c*x*y,11,-41,34,22*x + 34*y,34*x - 82*y,22,-82,34,-2960.0,Saddle Point
a*x**2 + b*y**2 + c*x*y,45,-26,-5,90*x - 5*y,-5*x - 52*y,90,-52,-5,-4705.0,Saddle Point
a*x**2 + b*y**2 + c*x*y,-27,1,16,-54*x + 16*y,16*x + 2*y,-54,2,16,-364.0,Saddle Point
a*x**2 + b*y**2 + c*x*y,-21,-50,4,-42*x + 4*y,4*x - 100*y,-42,-100,4,4184.0,Maximum
a*x**2 + b*y**2 + c*x*y,17,22,42,34*x + 42*y,42*x + 44*y,34,44,42,-268.0,Saddle Point
a*x**2 + b*y**2 + c*x*y,48,-16,39,96*x + 39*y,39*x - 32*y,96,-32,39,-4593.0,Saddle Point
a*x**2 + b*y**2 + c*x*y,2,7,5,4*x + 5*y,5*x + 14*y,4,14,5,31.0,Minimum
a*x**2 + b*y**2 + c*x*y,-41,-17,25,-82*x + 25*y,25*x - 34*y,-82,-34,25,2163.0,Maximum
a*x**2 + b*y**2 + c*x*y,-30,-26,23,-60*x + 23*y,23*x - 52*y,-60,-52,23,2591.0,Maximum
a*x**2 + b*y**2 + c*x*y,-29,-43,38,-58*x + 38*y,38*x - 86*y,-58,-86,38,3544.0,Maximum
a*x**2 + b*y**2 + c*x*y,38,20,-31,76*x - 31*y,-31*x + 40*y,76,40,-31,2079.0,Minimum
a*x**2 + b*y**2 + c*x*y,-20,-3,-2,-40*x - 2*y,-2*x - 6*y,-40,-6,-2,236.0,Maximum
a*x**2 + b*y**2 + c*x*y,45,-37,-42,90*x - 42*y,-42*x - 74*y,90,-74,-42,-8424.0,Saddle Point
a*x**2 + b*y**2 + c*x*y,-47,12,-26,-94*x - 26*y,-26*x + 24*y,-94,24,-26,-2932.0,Saddle Point
a*x**2 + b*y**2 + c*x*y,-27,-32,0,-54*x,-64*y,-54,-64,0,3456.0,Maximum
a*x**2 + b*y**2 + c*x*y,-42,25,-12,-84*x - 12*y,-12*x + 50*y,-84,50,-12,-4344.0,Saddle Point
a*x**2 + b*y**2 + c*x*y,-28,-36,31,-56*x + 31*y,31*x - 72*y,-56,-72,31,3071.0,Maximum
a*x**2 + b*y**2 + c*x*y,44,-37,45,88*x + 45*y,45*x - 74*y,88,-74,45,-8537.0,Saddle Point
a*x**2 + b*y**2 + c*x*y,-24,32,23,-48*x + 23*y,23*x + 64*y,-48,64,23,-3601.0,Saddle Point
a*x**2 + b*y**2 + c*x*y,-39,21,37,-78*x + 37*y,37*x + 42*y,-78,42,37,-4645.0,Saddle Point
a*x**2 + b*y**2 + c*x*y,-27,10,41,-54*x + 41*y,41*x + 20*y,-54,20,41,-2761.0,Saddle Point
a*x**2 + b*y**2 + c*x*y,-31,-27,-45,-62*x - 45*y,-45*x - 54*y,-62,-54,-45,1323.0,Maximum
a*x**2 + b*y**2 + c*x*y,-2,41,-21,-4*x - 21*y,-21*x + 82*y,-4,82,-21,-769.0,Saddle Point
a*x**2 + b*y**2 + c*x*y,-22,19,3,-44*x + 3*y,3*x + 38*y,-44,38,3,-1681.0,Saddle Point
a*x**2 + b*y**2 + c*x*y,13,-44,-13,26*x - 13*y,-13*x - 88*y,26,-88,-13,-2457.0,Saddle Point
a*x**2 + b*y**2 + c*x*y,44,22,-32,88*x - 32*y,-32*x + 44*y,88,44,-32,2848.0,Minimum
a*x**2 + b*y**2 + c*x*y,-24,23,-45,-48*x - 45*y,-45*x + 46*y,-48,46,-45,-4233.0,Saddle Point
a*x**2 + b*y**2 + c*x*y,50,8,-43,100*x - 43*y,-43*x + 16*y,100,16,-43,-249.0,Saddle Point
a*x**2 + b*y**2 + c*x*y,3,-8,-16,6*x - 16*y,-16*x - 16*y,6,-16,-16,-352.0,Saddle Point
a*x**2 + b*y**2 + c*x*y,-5,32,-50,-10*x - 50*y,-50*x + 64*y,-10,64,-50,-3140.0,Saddle Point
a*x**2 + b*y**2 + c*x*y,-48,37,3,-96*x + 3*y,3*x + 74*y,-96,74,3,-7113.0,Saddle Point
a*x**2 + b*y**2 + c*x*y,-2,-45,-23,-4*x - 23*y,-23*x - 90*y,-4,-90,-23,-169.0,Saddle Point
a*x**2 + b*y**2 + c*x*y,-44,2,4,-88*x + 4*y,4*x + 4*y,-88,4,4,-368.0,Saddle Point
a*x**2 + b*y**2 + c*x*y,-29,-30,-34,-58*x - 34*y,-34*x - 60*y,-58,-60,-34,2324.0,Maximum
a*x**2 + b*y**2 + c*x*y,31,-44,22,62*x + 22*y,22*x - 88*y,62,-88,22,-5940.0,Saddle Point
a*x**2 + b*y**2 + c*x*y,18,49,30,36*x + 30*y,30*x + 98*y,36,98,30,2628.0,Minimum
a*x**2 + b*y**2 + c*x*y,27,37,-4,54*x - 4*y,-4*x + 74*y,54,74,-4,3980.0,Minimum
a*x**2 + b*y**2 + c*x*y,-23,-32,-28,-46*x - 28*y,-28*x - 64*y,-46,-64,-28,2160.0,Maximum
a*x**2 + b*y**2 + c*x*y,50,5,8,100*x + 8*y,8*x + 10*y,100,10,8,936.0,Minimum
a*x**2 + b*y**2 + c*x*y,-12,-46,50,-24*x + 50*y,50*x - 92*y,-24,-92,50,-292.0,Saddle Point
a*x**2 + b*y**2 + c*x*y,14,45,32,28*x + 32*y,32*x + 90*y,28,90,32,1496.0,Minimum
a*x**2 + b*y**2 + c*x*y,36,-14,20,72*x + 20*y,20*x - 28*y,72,-28,20,-2416.0,Saddle Point
a*x**2 + b*y**2 + c*x*y,44,-15,7,88*x + 7*y,7*x - 30*y,88,-30,7,-2689.0,Saddle Point
a*x**4 + b*y**2,-26,-7,39,-104*x**3,-14*y,0,-14,0,0.0,Inconclusive
a*x**4 + b*y**2,14,27,49,56*x**3,54*y,0,54,0,0.0,Inconclusive
a*x**4 + b*y**2,-47,8,49,-188*x**3,16*y,0,16,0,0.0,Inconclusive
a*x**4 + b*y**2,19,-26,5,76*x**3,-52*y,0,-52,0,0.0,Inconclusive
a*x**4 + b*y**2,27,-18,-13,108*x**3,-36*y,0,-36,0,0.0,Inconclusive
a*x**4 + b*y**2,-34,4,37,-136*x**3,8*y,0,8,0,0.0,Inconclusive
a*x**4 + b*y**2,38,-42,19,152*x**3,-84*y,0,-84,0,0.0,Inconclusive
a*x**4 + b*y**2,28,12,-31,112*x**3,24*y,0,24,0,0.0,Inconclusive
a*x**4 + b*y**2,-16,28,39,-64*x**3,56*y,0,56,0,0.0,Inconclusive
a*x**4 + b*y**2,-28,-6,43,-112*x**3,-12*y,0,-12,0,0.0,Inconclusive
a*x**4 + b*y**2,9,48,18,36*x**3,96*y,0,96,0,0.0,Inconclusive
a*x**4 + b*y**2,10,19,46,40*x**3,38*y,0,38,0,0.0,Inconclusive
a*x**4 + b*y**2,3,4,-43,12*x**3,8*y,0,8,0,0.0,Inconclusive
a*x**4 + b*y**2,25,36,-7,100*x**3,72*y,0,72,0,0.0,Inconclusive
a*x**4 + b*y**2,41,47,49,164*x**3,94*y,0,94,0,0.0,Inconclusive
a*x**4 + b*y**2,-30,-23,1,-120*x**3,-46*y,0,-46,0,0.0,Inconclusive
a*x**4 + b*y**2,17,-37,-36,68*x**3,-74*y,0,-74,0,0.0,Inconclusive
a*x**4 + b*y**2,-34,-17,24,-136*x**3,-34*y,0,-34,0,0.0,Inconclusive
a*x**4 + b*y**2,39,-4,-45,156*x**3,-8*y,0,-8,0,0.0,Inconclusive
a*x**4 + b*y**2,-4,47,35,-16*x**3,94*y,0,94,0,0.0,Inconclusive
a*x**4 + b*y**2,-35,47,-40,-140*x**3,94*y,0,94,0,0.0,Inconclusive
a*x**4 + b*y**2,-46,-10,44,-184*x**3,-20*y,0,-20,0,0.0,Inconclusive
a*x**4 + b*y**2,14,1,21,56*x**3,2*y,0,2,0,0.0,Inconclusive
a*x**4 + b*y**2,40,-7,-38,160*x**3,-14*y,0,-14,0,0.0,Inconclusive
a*x**4 + b*y**2,24,-37,16,96*x**3,-74*y,0,-74,0,0.0,Inconclusive
a*x**4 + b*y**2,42,-49,24,168*x**3,-98*y,0,-98,0,0.0,Inconclusive
a*x**4 + b*y**2,-6,43,-49,-24*x**3,86*y,0,86,0,0.0,Inconclusive
a*x**4 + b*y**2,-29,-48,-11,-116*x**3,-96*y,0,-96,0,0.0,Inconclusive
a*x**4 + b*y**2,-45,50,45,-180*x**3,100*y,0,100,0,0.0,Inconclusive
a*x**4 + b*y**2,40,6,30,160*x**3,12*y,0,12,0,0.0,Inconclusive
a*x**4 + b*y**2,-22,30,19,-88*x**3,60*y,0,60,0,0.0,Inconclusive
a*x**4 + b*y**2,27,23,-26,108*x**3,46*y,0,46,0,0.0,Inconclusive
a*x**4 + b*y**2,26,-46,-44,104*x**3,-92*y,0,-92,0,0.0,Inconclusive
a*x**4 + b*y**2,-15,-4,-16,-60*x**3,-8*y,0,-8,0,0.0,Inconclusive
a*x**4 + b*y**2,50,-21,22,200*x**3,-42*y,0,-42,0,0.0,Inconclusive
a*x**4 + b*y**2,43,-32,-41,172*x**3,-64*y,0,-64,0,0.0,Inconclusive
a*x**4 + b*y**2,-39,-2,34,-156*x**3,-4*y,0,-4,0,0.0,Inconclusive
a*x**4 + b*y**2,24,42,10,96*x**3,84*y,0,84,0,0.0,Inconclusive
a*x**4 + b*y**2,-6,25,10,-24*x**3,50*y,0,50,0,0.0,Inconclusive
a*x**4 + b*y**2,-36,-36,35,-144*x**3,-72*y,0,-72,0,0.0,Inconclusive
a*x**4 + b*y**2,-9,-9,29,-36*x**3,-18*y,0,-18,0,0.0,Inconclusive
a*x**4 + b*y**2,-9,28,22,-36*x**3,56*y,0,56,0,0.0,Inconclusive
a*x**4 + b*y**2,12,45,22,48*x**3,90*y,0,90,0,0.0,Inconclusive
a*x**4 + b*y**2,-27,-33,-15,-108*x**3,-66*y,0,-66,0,0.0,Inconclusive
a*x**4 + b*y**2,-31,-20,-36,-124*x**3,-40*y,0,-40,0,0.0,Inconclusive
a*x**4 + b*y**2,-33,-4,30,-132*x**3,-8*y,0,-8,0,0.0,Inconclusive
a*x**4 + b*y**2,6,4,27,24*x**3,8*y,0,8,0,0.0,Inconclusive
a*x**4 + b*y**2,-33,-30,29,-132*x**3,-60*y,0,-60,0,0.0,Inconclusive
a*x**4 + b*y**2,33,8,-18,132*x**3,16*y,0,16,0,0.0,Inconclusive
a*x**4 + b*y**2,-17,-44,-30,-68*x**3,-88*y,0,-88,0,0.0,Inconclusive
a*x**4 + b*y**2,-18,44,27,-72*x**3,88*y,0,88,0,0.0,Inconclusive
a*x**4 + b*y**2,39,-50,-22,156*x**3,-100*y,0,-100,0,0.0,Inconclusive
a*x**4 + b*y**2,12,38,-4,48*x**3,76*y,0,76,0,0.0,Inconclusive
a*x**4 + b*y**2,-35,7,5,-140*x**3,14*y,0,14,0,0.0,Inconclusive
a*x**4 + b*y**2,-24,24,-43,-96*x**3,48*y,0,48,0,0.0,Inconclusive
a*x**4 + b*y**2,-31,36,40,-124*x**3,72*y,0,72,0,0.0,Inconclusive
a*x**4 + b*y**2,34,43,-1,136*x**3,86*y,0,86,0,0.0,Inconclusive
a*x**4 + b*y**2,10,14,-3,40*x**3,28*y,0,28,0,0.0,Inconclusive
a*x**4 + b*y**2,-30,32,26,-120*x**3,64*y,0,64,0,0.0,Inconclusive
a*x**4 + b*y**2,-46,-31,27,-184*x**3,-62*y,0,-62,0,0.0,Inconclusive
a*x**4 + b*y**2,-13,-15,19,-52*x**3,-30*y,0,-30,0,0.0,Inconclusive
a*x**4 + b*y**2,15,43,21,60*x**3,86*y,0,86,0,0.0,Inconclusive
a*x**4 + b*y**2,-4,-43,-5,-16*x**3,-86*y,0,-86,0,0.0,Inconclusive
a*x**4 + b*y**2,-10,-24,-20,-40*x**3,-48*y,0,-48,0,0.0,Inconclusive
a*x**4 + b*y**2,-5,-21,-30,-20*x**3,-42*y,0,-42,0,0.0,Inconclusive
a*x**4 + b*y**2,-23,36,-24,-92*x**3,72*y,0,72,0,0.0,Inconclusive
a*x**4 + b*y**2,48,-11,-47,192*x**3,-22*y,0,-22,0,0.0,Inconclusive
a*x**4 + b*y**2,10,9,35,40*x**3,18*y,0,18,0,0.0,Inconclusive
a*x**4 + b*y**2,39,-48,-12,156*x**3,-96*y,0,-96,0,0.0,Inconclusive
a*x**4 + b*y**2,42,5,-29,168*x**3,10*y,0,10,0,0.0,Inconclusive
a*x**4 + b*y**2,17,15,27,68*x**3,30*y,0,30,0,0.0,Inconclusive
a*x**4 + b*y**2,50,-33,-48,200*x**3,-66*y,0,-66,0,0.0,Inconclusive
a*x**4 + b*y**2,3,-16,24,12*x**3,-32*y,0,-32,0,0.0,Inconclusive
a*x**4 + b*y**2,26,-6,-31,104*x**3,-12*y,0,-12,0,0.0,Inconclusive
a*x**4 + b*y**2,-23,38,5,-92*x**3,76*y,0,76,0,0.0,Inconclusive
a*sin(x) + b*y**2,16,34,-25,16*cos(x),68*y,-16,68,0,-1088.0,Saddle Point
a*sin(x) + b*y**2,16,34,-25,16*cos(x),68*y,16,68,0,1088.0,Minimum
a*sin(x) + b*y**2,-39,-27,14,-39*cos(x),-54*y,39,-54,0,-2106.0,Saddle Point
a*sin(x) + b*y**2,-39,-27,14,-39*cos(x),-54*y,-39,-54,0,2106.0,Maximum
a*sin(x) + b*y**2,28,-35,15,28*cos(x),-70*y,-28,-70,0,1960.0,Maximum
a*sin(x) + b*y**2,28,-35,15,28*cos(x),-70*y,28,-70,0,-1960.0,Saddle Point
a*sin(x) + b*y**2,-13,-28,-19,-13*cos(x),-56*y,13,-56,0,-728.0,Saddle Point
a*sin(x) + b*y**2,-13,-28,-19,-13*cos(x),-56*y,-13,-56,0,728.0,Maximum
a*sin(x) + b*y**2,26,-9,-50,26*cos(x),-18*y,-26,-18,0,468.0,Maximum
a*sin(x) + b*y**2,26,-9,-50,26*cos(x),-18*y,26,-18,0,-468.0,Saddle Point
a*sin(x) + b*y**2,28,-5,-1,28*cos(x),-10*y,-28,-10,0,280.0,Maximum
a*sin(x) + b*y**2,28,-5,-1,28*cos(x),-10*y,28,-10,0,-280.0,Saddle Point
a*sin(x) + b*y**2,-11,24,-13,-11*cos(x),48*y,11,48,0,528.0,Minimum
a*sin(x) + b*y**2,-11,24,-13,-11*cos(x),48*y,-11,48,0,-528.0,Saddle Point
a*sin(x) + b*y**2,1,-47,-14,cos(x),-94*y,-1,-94,0,94.0,Maximum
a*sin(x) + b*y**2,1,-47,-14,cos(x),-94*y,1,-94,0,-94.0,Saddle Point
a*sin(x) + b*y**2,2,-43,45,2*cos(x),-86*y,-2,-86,0,172.0,Maximum
a*sin(x) + b*y**2,2,-43,45,2*cos(x),-86*y,2,-86,0,-172.0,Saddle Point
a*sin(x) + b*y**2,7,5,42,7*cos(x),10*y,-7,10,0,-70.0,Saddle Point
a*sin(x) + b*y**2,7,5,42,7*cos(x),10*y,7,10,0,70.0,Minimum
a*sin(x) + b*y**2,16,33,-18,16*cos(x),66*y,-16,66,0,-1056.0,Saddle Point
a*sin(x) + b*y**2,16,33,-18,16*cos(x),66*y,16,66,0,1056.0,Minimum
a*sin(x) + b*y**2,25,22,-11,25*cos(x),44*y,-25,44,0,-1100.0,Saddle Point
a*sin(x) + b*y**2,25,22,-11,25*cos(x),44*y,25,44,0,1100.0,Minimum
a*sin(x) + b*y**2,33,49,5,33*cos(x),98*y,-33,98,0,-3234.0,Saddle Point
a*sin(x) + b*y**2,33,49,5,33*cos(x),98*y,33,98,0,3234.0,Minimum
a*sin(x) + b*y**2,42,46,38,42*cos(x),92*y,-42,92,0,-3864.0,Saddle Point
a*sin(x) + b*y**2,42,46,38,42*cos(x),92*y,42,92,0,3864.0,Minimum
a*sin(x) + b*y**2,29,40,-8,29*cos(x),80*y,-29,80,0,-2320.0,Saddle Point
a*sin(x) + b*y**2,29,40,-8,29*cos(x),80*y,29,80,0,2320.0,Minimum
a*sin(x) + b*y**2,-16,31,13,-16*cos(x),62*y,16,62,0,992.0,Minimum
a*sin(x) + b*y**2,-16,31,13,-16*cos(x),62*y,-16,62,0,-992.0,Saddle Point
a*sin(x) + b*y**2,-25,7,35,-25*cos(x),14*y,25,14,0,350.0,Minimum
a*sin(x) + b*y**2,-25,7,35,-25*cos(x),14*y,-25,14,0,-350.0,Saddle Point
a*sin(x) + b*y**2,3,27,-33,3*cos(x),54*y,-3,54,0,-162.0,Saddle Point
a*sin(x) + b*y**2,3,27,-33,3*cos(x),54*y,3,54,0,162.0,Minimum
a*sin(x) + b*y**2,-47,31,-21,-47*cos(x),62*y,47,62,0,2914.0,Minimum
a*sin(x) + b*y**2,-47,31,-21,-47*cos(x),62*y,-47,62,0,-2914.0,Saddle Point
a*sin(x) + b*y**2,-36,48,48,-36*cos(x),96*y,36,96,0,3456.0,Minimum
a*sin(x) + b*y**2,-36,48,48,-36*cos(x),96*y,-36,96,0,-3456.0,Saddle Point
a*sin(x) + b*y**2,23,-9,3,23*cos(x),-18*y,-23,-18,0,414.0,Maximum
a*sin(x) + b*y**2,23,-9,3,23*cos(x),-18*y,23,-18,0,-414.0,Saddle Point
a*sin(x) + b*y**2,44,40,-45,44*cos(x),80*y,-44,80,0,-3520.0,Saddle Point
a*sin(x) + b*y**2,44,40,-45,44*cos(x),80*y,44,80,0,3520.0,Minimum
a*sin(x) + b*y**2,5,50,-14,5*cos(x),100*y,-5,100,0,-500.0,Saddle Point
a*sin(x) + b*y**2,5,50,-14,5*cos(x),100*y,5,100,0,500.0,Minimum
a*sin(x) + b*y**2,-22,44,50,-22*cos(x),88*y,22,88,0,1936.0,Minimum
a*sin(x) + b*y**2,-22,44,50,-22*cos(x),88*y,-22,88,0,-1936.0,Saddle Point
a*sin(x) + b*y**2,-41,-25,18,-41*cos(x),-50*y,41,-50,0,-2050.0,Saddle Point
a*sin(x) + b*y**2,-41,-25,18,-41*cos(x),-50*y,-41,-50,0,2050.0,Maximum
a*sin(x) + b*y**2,25,-9,-23,25*cos(x),-18*y,-25,-18,0,450.0,Maximum
a*sin(x) + b*y**2,25,-9,-23,25*cos(x),-18*y,25,-18,0,-450.0,Saddle Point
a*sin(x) + b*y**2,-20,36,24,-20*cos(x),72*y,20,72,0,1440.0,Minimum
a*sin(x) + b*y**2,-20,36,24,-20*cos(x),72*y,-20,72,0,-1440.0,Saddle Point
a*sin(x) + b*y**2,23,-32,43,23*cos(x),-64*y,-23,-64,0,1472.0,Maximum
a*sin(x) + b*y**2,23,-32,43,23*cos(x),-64*y,23,-64,0,-1472.0,Saddle Point
a*sin(x) + b*y**2,-33,-27,-24,-33*cos(x),-54*y,33,-54,0,-1782.0,Saddle Point
a*sin(x) + b*y**2,-33,-27,-24,-33*cos(x),-54*y,-33,-54,0,1782.0,Maximum
a*sin(x) + b*y**2,33,-10,13,33*cos(x),-20*y,-33,-20,0,660.0,Maximum
a*sin(x) + b*y**2,33,-10,13,33*cos(x),-20*y,33,-20,0,-660.0,Saddle Point
a*sin(x) + b*y**2,13,47,-19,13*cos(x),94*y,-13,94,0,-1222.0,Saddle Point
a*sin(x) + b*y**2,13,47,-19,13*cos(x),94*y,13,94,0,1222.0,Minimum
a*sin(x) + b*y**2,-22,-50,14,-22*cos(x),-100*y,22,-100,0,-2200.0,Saddle Point
a*sin(x) + b*y**2,-22,-50,14,-22*cos(x),-100*y,-22,-100,0,2200.0,Maximum
a*sin(x) + b*y**2,28,-25,-41,28*cos(x),-50*y,-28,-50,0,1400.0,Maximum
a*sin(x) + b*y**2,28,-25,-41,28*cos(x),-50*y,28,-50,0,-1400.0,Saddle Point
a*sin(x) + b*y**2,-19,8,-13,-19*cos(x),16*y,19,16,0,304.0,Minimum
a*sin(x) + b*y**2,-19,8,-13,-19*cos(x),16*y,-19,16,0,-304.0,Saddle Point
a*sin(x) + b*y**2,22,-3,-12,22*cos(x),-6*y,-22,-6,0,132.0,Maximum
a*sin(x) + b*y**2,22,-3,-12,22*cos(x),-6*y,22,-6,0,-132.0,Saddle Point
a*sin(x) + b*y**2,-42,-48,-47,-42*cos(x),-96*y,42,-96,0,-4032.0,Saddle Point
a*sin(x) + b*y**2,-42,-48,-47,-42*cos(x),-96*y,-42,-96,0,4032.0,Maximum
a*sin(x) + b*y**2,50,8,-14,50*cos(x),16*y,-50,16,0,-800.0,Saddle Point
a*sin(x) + b*y**2,50,8,-14,50*cos(x),16*y,50,16,0,800.0,Minimum
a*sin(x) + b*y**2,-23,-47,2,-23*cos(x),-94*y,23,-94,0,-2162.0,Saddle Point
a*sin(x) + b*y**2,-23,-47,2,-23*cos(x),-94*y,-23,-94,0,2162.0,Maximum
a*sin(x) + b*y**2,-16,29,16,-16*cos(x),58*y,16,58,0,928.0,Minimum
a*sin(x) + b*y**2,-16,29,16,-16*cos(x),58*y,-16,58,0,-928.0,Saddle Point
a*sin(x) + b*y**2,-22,43,-1,-22*cos(x),86*y,22,86,0,1892.0,Minimum
a*sin(x) + b*y**2,-22,43,-1,-22*cos(x),86*y,-22,86,0,-1892.0,Saddle Point
a*sin(x) + b*y**2,-9,-15,-30,-9*cos(x),-30*y,9,-30,0,-270.0,Saddle Point
a*sin(x) + b*y**2,-9,-15,-30,-9*cos(x),-30*y,-9,-30,0,270.0,Maximum
a*sin(x) + b*y**2,8,-13,-45,8*cos(x),-26*y,-8,-26,0,208.0,Maximum
a*sin(x) + b*y**2,8,-13,-45,8*cos(x),-26*y,8,-26,0,-208.0,Saddle Point
a*sin(x) + b*y**2,6,-44,-36,6*cos(x),-88*y,-6,-88,0,528.0,Maximum
a*sin(x) + b*y**2,6,-44,-36,6*cos(x),-88*y,6,-88,0,-528.0,Saddle Point
a*sin(x) + b*y**2,-29,2,38,-29*cos(x),4*y,29,4,0,116.0,Minimum
a*sin(x) + b*y**2,-29,2,38,-29*cos(x),4*y,-29,4,0,-116.0,Saddle Point
a*sin(x) + b*y**2,-21,27,18,-21*cos(x),54*y,21,54,0,1134.0,Minimum
a*sin(x) + b*y**2,-21,27,18,-21*cos(x),54*y,-21,54,0,-1134.0,Saddle Point
a*sin(x) + b*y**2,25,11,-27,25*cos(x),22*y,-25,22,0,-550.0,Saddle Point
a*sin(x) + b*y**2,25,11,-27,25*cos(x),22*y,25,22,0,550.0,Minimum
a*sin(x) + b*y**2,-50,44,-50,-50*cos(x),88*y,50,88,0,4400.0,Minimum
a*sin(x) + b*y**2,-50,44,-50,-50*cos(x),88*y,-50,88,0,-4400.0,Saddle Point
a*sin(x) + b*y**2,-27,4,-15,-27*cos(x),8*y,27,8,0,216.0,Minimum
a*sin(x) + b*y**2,-27,4,-15,-27*cos(x),8*y,-27,8,0,-216.0,Saddle Point
a*sin(x) + b*y**2,-48,5,43,-48*cos(x),10*y,48,10,0,480.0,Minimum
a*sin(x) + b*y**2,-48,5,43,-48*cos(x),10*y,-48,10,0,-480.0,Saddle Point
a*sin(x) + b*y**2,16,24,-39,16*cos(x),48*y,-16,48,0,-768.0,Saddle Point
a*sin(x) + b*y**2,16,24,-39,16*cos(x),48*y,16,48,0,768.0,Minimum
a*sin(x) + b*y**2,34,5,-17,34*cos(x),10*y,-34,10,0,-340.0,Saddle Point
a*sin(x) + b*y**2,34,5,-17,34*cos(x),10*y,34,10,0,340.0,Minimum
a*sin(x) + b*y**2,48,-35,-43,48*cos(x),-70*y,-48,-70,0,3360.0,Maximum
a*sin(x) + b*y**2,48,-35,-43,48*cos(x),-70*y,48,-70,0,-3360.0,Saddle Point
a*sin(x) + b*y**2,19,-7,-1,19*cos(x),-14*y,-19,-14,0,266.0,Maximum
a*sin(x) + b*y**2,19,-7,-1,19*cos(x),-14*y,19,-14,0,-266.0,Saddle Point
a*sin(x) + b*y**2,15,-35,13,15*cos(x),-70*y,-15,-70,0,1050.0,Maximum
a*sin(x) + b*y**2,15,-35,13,15*cos(x),-70*y,15,-70,0,-1050.0,Saddle Point
a*sin(x) + b*y**2,-41,48,-8,-41*cos(x),96*y,41,96,0,3936.0,Minimum
a*sin(x) + b*y**2,-41,48,-8,-41*cos(x),96*y,-41,96,0,-3936.0,Saddle Point
a*sin(x) + b*y**2,-19,-11,44,-19*cos(x),-22*y,19,-22,0,-418.0,Saddle Point
a*sin(x) + b*y**2,-19,-11,44,-19*cos(x),-22*y,-19,-22,0,418.0,Maximum
a*sin(x) + b*y**2,19,-39,-2,19*cos(x),-78*y,-19,-78,0,1482.0,Maximum
a*sin(x) + b*y**2,19,-39,-2,19*cos(x),-78*y,19,-78,0,-1482.0,Saddle Point
a*sin(x) + b*y**2,-4,-48,41,-4*cos(x),-96*y,4,-96,0,-384.0,Saddle Point
a*sin(x) + b*y**2,-4,-48,41,-4*cos(x),-96*y,-4,-96,0,384.0,Maximum
a*sin(x) + b*y**2,42,26,-19,42*cos(x),52*y,-42,52,0,-2184.0,Saddle Point
a*sin(x) + b*y**2,42,26,-19,42*cos(x),52*y,42,52,0,2184.0,Minimum
a*sin(x) + b*y**2,13,37,-37,13*cos(x),74*y,-13,74,0,-962.0,Saddle Point
a*sin(x) + b*y**2,13,37,-37,13*cos(x),74*y,13,74,0,962.0,Minimum
a*sin(x) + b*y**2,-48,23,38,-48*cos(x),46*y,48,46,0,2208.0,Minimum
a*sin(x) + b*y**2,-48,23,38,-48*cos(x),46*y,-48,46,0,-2208.0,Saddle Point
a*sin(x) + b*y**2,-49,24,42,-49*cos(x),48*y,49,48,0,2352.0,Minimum
a*sin(x) + b*y**2,-49,24,42,-49*cos(x),48*y,-49,48,0,-2352.0,Saddle Point
a*sin(x) + b*y**2,-10,16,9,-10*cos(x),32*y,10,32,0,320.0,Minimum
a*sin(x) + b*y**2,-10,16,9,-10*cos(x),32*y,-10,32,0,-320.0,Saddle Point
a*sin(x) + b*y**2,40,48,-4,40*cos(x),96*y,-40,96,0,-3840.0,Saddle Point
a*sin(x) + b*y**2,40,48,-4,40*cos(x),96*y,40,96,0,3840.0,Minimum
a*sin(x) + b*y**2,22,-31,-19,22*cos(x),-62*y,-22,-62,0,1364.0,Maximum
a*sin(x) + b*y**2,22,-31,-19,22*cos(x),-62*y,22,-62,0,-1364.0,Saddle Point
a*sin(x) + b*y**2,-1,-1,23,-cos(x),-2*y,1,-2,0,-2.0,Saddle Point
a*sin(x) + b*y**2,-1,-1,23,-cos(x),-2*y,-1,-2,0,2.0,Maximum
a*sin(x) + b*y**2,-26,30,-26,-26*cos(x),60*y,26,60,0,1560.0,Minimum
a*sin(x) + b*y**2,-26,30,-26,-26*cos(x),60*y,-26,60,0,-1560.0,Saddle Point
a*sin(x) + b*y**2,-35,-16,22,-35*cos(x),-32*y,35,-32,0,-1120.0,Saddle Point
a*sin(x) + b*y**2,-35,-16,22,-35*cos(x),-32*y,-35,-32,0,1120.0,Maximum
a*sin(x) + b*y**2,5,-40,29,5*cos(x),-80*y,-5,-80,0,400.0,Maximum
a*sin(x) + b*y**2,5,-40,29,5*cos(x),-80*y,5,-80,0,-400.0,Saddle Point
a*sin(x) + b*y**2,-29,-13,46,-29*cos(x),-26*y,29,-26,0,-754.0,Saddle Point
a*sin(x) + b*y**2,-29,-13,46,-29*cos(x),-26*y,-29,-26,0,754.0,Maximum
a*sin(x) + b*y**2,33,-12,-49,33*cos(x),-24*y,-33,-24,0,792.0,Maximum
a*sin(x) + b*y**2,33,-12,-49,33*cos(x),-24*y,33,-24,0,-792.0,Saddle Point
a*sin(x) + b*y**2,-5,30,33,-5*cos(x),60*y,5,60,0,300.0,Minimum
a*sin(x) + b*y**2,-5,30,33,-5*cos(x),60*y,-5,60,0,-300.0,Saddle Point
a*sin(x) + b*y**2,-18,-28,-13,-18*cos(x),-56*y,18,-56,0,-1008.0,Saddle Point
a*sin(x) + b*y**2,-18,-28,-13,-18*cos(x),-56*y,-18,-56,0,1008.0,Maximum
a*sin(x) + b*y**2,8,-17,-26,8*cos(x),-34*y,-8,-34,0,272.0,Maximum
a*sin(x) + b*y**2,8,-17,-26,8*cos(x),-34*y,8,-34,0,-272.0,Saddle Point
a*sin(x) + b*y**2,-33,-9,50,-33*cos(x),-18*y,33,-18,0,-594.0,Saddle Point
a*sin(x) + b*y**2,-33,-9,50,-33*cos(x),-18*y,-33,-18,0,594.0,Maximum
a*log(x**2 + 1) + b*y**2,-9,-8,17,-18*x/(x**2 + 1),-16*y,-18,-16,0,288.0,Maximum
a*log(x**2 + 1) + b*y**2,45,-49,-19,90*x/(x**2 + 1),-98*y,90,-98,0,-8820.0,Saddle Point
a*log(x**2 + 1) + b*y**2,24,-36,14,48*x/(x**2 + 1),-72*y,48,-72,0,-3456.0,Saddle Point
a*log(x**2 + 1) + b*y**2,-9,-11,24,-18*x/(x**2 + 1),-22*y,-18,-22,0,396.0,Maximum
a*log(x**2 + 1) + b*y**2,5,-6,47,10*x/(x**2 + 1),-12*y,10,-12,0,-120.0,Saddle Point
a*log(x**2 + 1) + b*y**2,-26,10,-38,-52*x/(x**2 + 1),20*y,-52,20,0,-1040.0,Saddle Point
a*log(x**2 + 1) + b*y**2,-2,5,-33,-4*x/(x**2 + 1),10*y,-4,10,0,-40.0,Saddle Point
a*log(x**2 + 1) + b*y**2,5,-35,38,10*x/(x**2 + 1),-70*y,10,-70,0,-700.0,Saddle Point
a*log(x**2 + 1) + b*y**2,30,44,-48,60*x/(x**2 + 1),88*y,60,88,0,5280.0,Minimum
a*log(x**2 + 1) + b*y**2,48,6,-44,96*x/(x**2 + 1),12*y,96,12,0,1152.0,Minimum
a*log(x**2 + 1) + b*y**2,-31,-45,-30,-62*x/(x**2 + 1),-90*y,-62,-90,0,5580.0,Maximum
a*log(x**2 + 1) + b*y**2,-43,39,-8,-86*x/(x**2 + 1),78*y,-86,78,0,-6708.0,Saddle Point
a*log(x**2 + 1) + b*y**2,-1,-28,3,-2*x/(x**2 + 1),-56*y,-2,-56,0,112.0,Maximum
a*log(x**2 + 1) + b*y**2,23,-20,19,46*x/(x**2 + 1),-40*y,46,-40,0,-1840.0,Saddle Point
a*log(x**2 + 1) + b*y**2,-31,-43,49,-62*x/(x**2 + 1),-86*y,-62,-86,0,5332.0,Maximum
a*log(x**2 + 1) + b*y**2,30,2,-29,60*x/(x**2 + 1),4*y,60,4,0,240.0,Minimum
a*log(x**2 + 1) + b*y**2,-43,-1,32,-86*x/(x**2 + 1),-2*y,-86,-2,0,172.0,Maximum
a*log(x**2 + 1) + b*y**2,18,-50,-50,36*x/(x**2 + 1),-100*y,36,-100,0,-3600.0,Saddle Point
a*log(x**2 + 1) + b*y**2,-11,11,-45,-22*x/(x**2 + 1),22*y,-22,22,0,-484.0,Saddle Point
a*log(x**2 + 1) + b*y**2,30,-37,-24,60*x/(x**2 + 1),-74*y,60,-74,0,-4440.0,Saddle Point
a*log(x**2 + 1) + b*y**2,15,-17,13,30*x/(x**2 + 1),-34*y,30,-34,0,-1020.0,Saddle Point
a*log(x**2 + 1) + b*y**2,-32,43,40,-64*x/(x**2 + 1),86*y,-64,86,0,-5504.0,Saddle Point
a*log(x**2 + 1) + b*y**2,10,23,-11,20*x/(x**2 + 1),46*y,20,46,0,920.0,Minimum
a*log(x**2 + 1) + b*y**2,-15,-25,-41,-30*x/(x**2 + 1),-50*y,-30,-50,0,1500.0,Maximum
a*log(x**2 + 1) + b*y**2,47,-47,6,94*x/(x**2 + 1),-94*y,94,-94,0,-8836.0,Saddle Point
a*log(x**2 + 1) + b*y**2,-35,-30,-34,-70*x/(x**2 + 1),-60*y,-70,-60,0,4200.0,Maximum
a*log(x**2 + 1) + b*y**2,27,50,-26,54*x/(x**2 + 1),100*y,54,100,0,5400.0,Minimum
a*log(x**2 + 1) + b*y**2,13,31,41,26*x/(x**2 + 1),62*y,26,62,0,1612.0,Minimum
a*log(x**2 + 1) + b*y**2,-13,49,-34,-26*x/(x**2 + 1),98*y,-26,98,0,-2548.0,Saddle Point
a*log(x**2 + 1) + b*y**2,21,14,-18,42*x/(x**2 + 1),28*y,42,28,0,1176.0,Minimum
a*log(x**2 + 1) + b*y**2,31,10,49,62*x/(x**2 + 1),20*y,62,20,0,1240.0,Minimum
a*log(x**2 + 1) + b*y**2,-39,12,16,-78*x/(x**2 + 1),24*y,-78,24,0,-1872.0,Saddle Point
a*log(x**2 + 1) + b*y**2,40,13,44,80*x/(x**2 + 1),26*y,80,26,0,2080.0,Minimum
a*log(x**2 + 1) + b*y**2,-17,-10,22,-34*x/(x**2 + 1),-20*y,-34,-20,0,680.0,Maximum
a*log(x**2 + 1) + b*y**2,22,-4,15,44*x/(x**2 + 1),-8*y,44,-8,0,-352.0,Saddle Point
a*log(x**2 + 1) + b*y**2,23,-31,-33,46*x/(x**2 + 1),-62*y,46,-62,0,-2852.0,Saddle Point
a*log(x**2 + 1) + b*y**2,12,4,26,24*x/(x**2 + 1),8*y,24,8,0,192.0,Minimum
a*log(x**2 + 1) + b*y**2,-40,-35,38,-80*x/(x**2 + 1),-70*y,-80,-70,0,5600.0,Maximum
a*log(x**2 + 1) + b*y**2,26,50,-29,52*x/(x**2 + 1),100*y,52,100,0,5200.0,Minimum
a*log(x**2 + 1) + b*y**2,13,-10,45,26*x/(x**2 + 1),-20*y,26,-20,0,-520.0,Saddle Point
a*log(x**2 + 1) + b*y**2,-38,10,33,-76*x/(x**2 + 1),20*y,-76,20,0,-1520.0,Saddle Point
a*log(x**2 + 1) + b*y**2,-11,39,-9,-22*x/(x**2 + 1),78*y,-22,78,0,-1716.0,Saddle Point
a*log(x**2 + 1) + b*y**2,-16,-50,-23,-32*x/(x**2 + 1),-100*y,-32,-100,0,3200.0,Maximum
a*log(x**2 + 1) + b*y**2,50,50,-10,100*x/(x**2 + 1),100*y,100,100,0,10000.0,Minimum
a*log(x**2 + 1) + b*y**2,42,-29,-21,84*x/(x**2 + 1),-58*y,84,-58,0,-4872.0,Saddle Point
a*log(x**2 + 1) + b*y**2,38,-6,31,76*x/(x**2 + 1),-12*y,76,-12,0,-912.0,Saddle Point
a*log(x**2 + 1) + b*y**2,42,-44,-33,84*x/(x**2 + 1),-88*y,84,-88,0,-7392.0,Saddle Point
a*log(x**2 + 1) + b*y**2,28,-42,16,56*x/(x**2 + 1),-84*y,56,-84,0,-4704.0,Saddle Point
a*log(x**2 + 1) + b*y**2,-8,-26,41,-16*x/(x**2 + 1),-52*y,-16,-52,0,832.0,Maximum
a*log(x**2 + 1) + b*y**2,8,-12,-11,16*x/(x**2 + 1),-24*y,16,-24,0,-384.0,Saddle Point
a*log(x**2 + 1) + b*y**2,27,-14,-17,54*x/(x**2 + 1),-28*y,54,-28,0,-1512.0,Saddle Point
a*log(x**2 + 1) + b*y**2,-37,36,6,-74*x/(x**2 + 1),72*y,-74,72,0,-5328.0,Saddle Point
a*log(x**2 + 1) + b*y**2,-14,26,31,-28*x/(x**2 + 1),52*y,-28,52,0,-1456.0,Saddle Point
a*log(x**2 + 1) + b*y**2,-15,22,16,-30*x/(x**2 + 1),44*y,-30,44,0,-1320.0,Saddle Point
a*log(x**2 + 1) + b*y**2,11,-4,-25,22*x/(x**2 + 1),-8*y,22,-8,0,-176.0,Saddle Point
a*log(x**2 + 1) + b*y**2,-47,48,23,-94*x/(x**2 + 1),96*y,-94,96,0,-9024.0,Saddle Point
a*log(x**2 + 1) + b*y**2,27,18,-17,54*x/(x**2 + 1),36*y,54,36,0,1944.0,Minimum
a*log(x**2 + 1) + b*y**2,29,43,-15,58*x/(x**2 + 1),86*y,58,86,0,4988.0,Minimum
a*log(x**2 + 1) + b*y**2,-23,-10,18,-46*x/(x**2 + 1),-20*y,-46,-20,0,920.0,Maximum
a*log(x**2 + 1) + b*y**2,5,20,25,10*x/(x**2 + 1),40*y,10,40,0,400.0,Minimum
a*log(x**2 + 1) + b*y**2,37,-18,-19,74*x/(x**2 + 1),-36*y,74,-36,0,-2664.0,Saddle Point
a*log(x**2 + 1) + b*y**2,22,-22,11,44*x/(x**2 + 1),-44*y,44,-44,0,-1936.0,Saddle Point
a*log(x**2 + 1) + b*y**2,49,19,-18,98*x/(x**2 + 1),38*y,98,38,0,3724.0,Minimum
a*log(x**2 + 1) + b*y**2,-45,16,-44,-90*x/(x**2 + 1),32*y,-90,32,0,-2880.0,Saddle Point
a*log(x**2 + 1) + b*y**2,23,30,17,46*x/(x**2 + 1),60*y,46,60,0,2760.0,Minimum
a*log(x**2 + 1) + b*y**2,5,10,-12,10*x/(x**2 + 1),20*y,10,20,0,200.0,Minimum
a*log(x**2 + 1) + b*y**2,-33,-45,18,-66*x/(x**2 + 1),-90*y,-66,-90,0,5940.0,Maximum
a*log(x**2 + 1) + b*y**2,21,4,-9,42*x/(x**2 + 1),8*y,42,8,0,336.0,Minimum
a*log(x**2 + 1) + b*y**2,-22,-29,12,-44*x/(x**2 + 1),-58*y,-44,-58,0,2552.0,Maximum
a*log(x**2 + 1) + b*y**2,21,-21,20,42*x/(x**2 + 1),-42*y,42,-42,0,-1764.0,Saddle Point
a*log(x**2 + 1) + b*y**2,-24,38,-34,-48*x/(x**2 + 1),76*y,-48,76,0,-3648.0,Saddle Point
a*log(x**2 + 1) + b*y**2,25,-6,-30,50*x/(x**2 + 1),-12*y,50,-12,0,-600.0,Saddle Point
a*log(x**2 + 1) + b*y**2,25,-35,-48,50*x/(x**2 + 1),-70*y,50,-70,0,-3500.0,Saddle Point
a*log(x**2 + 1) + b*y**2,-46,5,-34,-92*x/(x**2 + 1),10*y,-92,10,0,-920.0,Saddle Point
a*log(x**2 + 1) + b*y**2,20,-47,-28,40*x/(x**2 + 1),-94*y,40,-94,0,-3760.0,Saddle Point
a*exp(-x**2 - y**2),31,-32,-24,-62*x*exp(-x**2 - y**2),-62*y*exp(-x**2 - y**2),-62,-62,0,3844.0,Maximum
a*exp(-x**2 - y**2),25,-22,-25,-50*x*exp(-x**2 - y**2),-50*y*exp(-x**2 - y**2),-50,-50,0,2500.0,Maximum
a*exp(-x**2 - y**2),33,-1,25,-66*x*exp(-x**2 - y**2),-66*y*exp(-x**2 - y**2),-66,-66,0,4356.0,Maximum
a*exp(-x**2 - y**2),-14,-35,22,28*x*exp(-x**2 - y**2),28*y*exp(-x**2 - y**2),28,28,0,784.0,Minimum
a*exp(-x**2 - y**2),3,40,36,-6*x*exp(-x**2 - y**2),-6*y*exp(-x**2 - y**2),-6,-6,0,36.0,Maximum
a*exp(-x**2 - y**2),-31,1,45,62*x*exp(-x**2 - y**2),62*y*exp(-x**2 - y**2),62,62,0,3844.0,Minimum
a*exp(-x**2 - y**2),16,-7,-28,-32*x*exp(-x**2 - y**2),-32*y*exp(-x**2 - y**2),-32,-32,0,1024.0,Maximum
a*exp(-x**2 - y**2),35,37,-43,-70*x*exp(-x**2 - y**2),-70*y*exp(-x**2 - y**2),-70,-70,0,4900.0,Maximum
a*exp(-x**2 - y**2),-37,1,2,74*x*exp(-x**2 - y**2),74*y*exp(-x**2 - y**2),74,74,0,5476.0,Minimum
a*exp(-x**2 - y**2),13,-41,-43,-26*x*exp(-x**2 - y**2),-26*y*exp(-x**2 - y**2),-26,-26,0,676.0,Maximum
a*exp(-x**2 - y**2),-35,44,4,70*x*exp(-x**2 - y**2),70*y*exp(-x**2 - y**2),70,70,0,4900.0,Minimum
a*exp(-x**2 - y**2),-26,-39,34,52*x*exp(-x**2 - y**2),52*y*exp(-x**2 - y**2),52,52,0,2704.0,Minimum
a*exp(-x**2 - y**2),22,36,43,-44*x*exp(-x**2 - y**2),-44*y*exp(-x**2 - y**2),-44,-44,0,1936.0,Maximum
a*exp(-x**2 - y**2),-10,21,43,20*x*exp(-x**2 - y**2),20*y*exp(-x**2 - y**2),20,20,0,400.0,Minimum
a*exp(-x**2 - y**2),31,6,28,-62*x*exp(-x**2 - y**2),-62*y*exp(-x**2 - y**2),-62,-62,0,3844.0,Maximum
a*exp(-x**2 - y**2),3,-46,-50,-6*x*exp(-x**2 - y**2),-6*y*exp(-x**2 - y**2),-6,-6,0,36.0,Maximum
a*exp(-x**2 - y**2),-33,-28,-36,66*x*exp(-x**2 - y**2),66*y*exp(-x**2 - y**2),66,66,0,4356.0,Minimum
a*exp(-x**2 - y**2),-39,15,17,78*x*exp(-x**2 - y**2),78*y*exp(-x**2 - y**2),78,78,0,6084.0,Minimum
a*exp(-x**2 - y**2),5,6,32,-10*x*exp(-x**2 - y**2),-10*y*exp(-x**2 - y**2),-10,-10,0,100.0,Maximum
a*exp(-x**2 - y**2),-25,-20,31,50*x*exp(-x**2 - y**2),50*y*exp(-x**2 - y**2),50,50,0,2500.0,Minimum
a*exp(-x**2 - y**2),-21,-7,-21,42*x*exp(-x**2 - y**2),42*y*exp(-x**2 - y**2),42,42,0,1764.0,Minimum
a*exp(-x**2 - y**2),23,-11,-37,-46*x*exp(-x**2 - y**2),-46*y*exp(-x**2 - y**2),-46,-46,0,2116.0,Maximum
a*exp(-x**2 - y**2),30,-11,-4,-60*x*exp(-x**2 - y**2),-60*y*exp(-x**2 - y**2),-60,-60,0,3600.0,Maximum
a*exp(-x**2 - y**2),-31,50,-17,62*x*exp(-x**2 - y**2),62*y*exp(-x**2 - y**2),62,62,0,3844.0,Minimum
a*exp(-x**2 - y**2),-2,30,39,4*x*exp(-x**2 - y**2),4*y*exp(-x**2 - y**2),4,4,0,16.0,Minimum
a*exp(-x**2 - y**2),-40,-30,12,80*x*exp(-x**2 - y**2),80*y*exp(-x**2 - y**2),80,80,0,6400.0,Minimum
a*exp(-x**2 - y**2),-32,25,-39,64*x*exp(-x**2 - y**2),64*y*exp(-x**2 - y**2),64,64,0,4096.0,Minimum
a*exp(-x**2 - y**2),9,-14,1,-18*x*exp(-x**2 - y**2),-18*y*exp(-x**2 - y**2),-18,-18,0,324.0,Maximum
a*exp(-x**2 - y**2),12,-16,-43,-24*x*exp(-x**2 - y**2),-24*y*exp(-x**2 - y**2),-24,-24,0,576.0,Maximum
a*exp(-x**2 - y**2),-12,-10,12,24*x*exp(-x**2 - y**2),24*y*exp(-x**2 - y**2),24,24,0,576.0,Minimum
a*exp(-x**2 - y**2),33,1,25,-66*x*exp(-x**2 - y**2),-66*y*exp(-x**2 - y**2),-66,-66,0,4356.0,Maximum
a*exp(-x**2 - y**2),-14,18,-7,28*x*exp(-x**2 - y**2),28*y*exp(-x**2 - y**2),28,28,0,784.0,Minimum
a*exp(-x**2 - y**2),4,25,0,-8*x*exp(-x**2 - y**2),-8*y*exp(-x**2 - y**2),-8,-8,0,64.0,Maximum
a*exp(-x**2 - y**2),31,23,25,-62*x*exp(-x**2 - y**2),-62*y*exp(-x**2 - y**2),-62,-62,0,3844.0,Maximum
a*exp(-x**2 - y**2),21,-32,-23,-42*x*exp(-x**2 - y**2),-42*y*exp(-x**2 - y**2),-42,-42,0,1764.0,Maximum
a*exp(-x**2 - y**2),-23,8,14,46*x*exp(-x**2 - y**2),46*y*exp(-x**2 - y**2),46,46,0,2116.0,Minimum
a*exp(-x**2 - y**2),-48,42,45,96*x*exp(-x**2 - y**2),96*y*exp(-x**2 - y**2),96,96,0,9216.0,Minimum
a*exp(-x**2 - y**2),43,35,44,-86*x*exp(-x**2 - y**2),-86*y*exp(-x**2 - y**2),-86,-86,0,7396.0,Maximum
a*exp(-x**2 - y**2),-37,-33,4,74*x*exp(-x**2 - y**2),74*y*exp(-x**2 - y**2),74,74,0,5476.0,Minimum
a*exp(-x**2 - y**2),34,-6,-33,-68*x*exp(-x**2 - y**2),-68*y*exp(-x**2 - y**2),-68,-68,0,4624.0,Maximum
a*exp(-x**2 - y**2),-18,-4,-3,36*x*exp(-x**2 - y**2),36*y*exp(-x**2 - y**2),36,36,0,1296.0,Minimum
a*exp(-x**2 - y**2),-43,39,4,86*x*exp(-x**2 - y**2),86*y*exp(-x**2 - y**2),86,86,0,7396.0,Minimum
a*exp(-x**2 - y**2),12,-46,45,-24*x*exp(-x**2 - y**2),-24*y*exp(-x**2 - y**2),-24,-24,0,576.0,Maximum
a*exp(-x**2 - y**2),7,-18,50,-14*x*exp(-x**2 - y**2),-14*y*exp(-x**2 - y**2),-14,-14,0,196.0,Maximum
a*exp(-x**2 - y**2),13,24,-19,-26*x*exp(-x**2 - y**2),-26*y*exp(-x**2 - y**2),-26,-26,0,676.0,Maximum
a*exp(-x**2 - y**2),-16,34,-22,32*x*exp(-x**2 - y**2),32*y*exp(-x**2 - y**2),32,32,0,1024.0,Minimum
a*exp(-x**2 - y**2),-12,-28,-33,24*x*exp(-x**2 - y**2),24*y*exp(-x**2 - y**2),24,24,0,576.0,Minimum
a*exp(-x**2 - y**2),-40,45,-13,80*x*exp(-x**2 - y**2),80*y*exp(-x**2 - y**2),80,80,0,6400.0,Minimum
a*exp(-x**2 - y**2),-37,-21,-4,74*x*exp(-x**2 - y**2),74*y*exp(-x**2 - y**2),74,74,0,5476.0,Minimum
a*exp(-x**2 - y**2),34,-3,46,-68*x*exp(-x**2 - y**2),-68*y*exp(-x**2 - y**2),-68,-68,0,4624.0,Maximum
a*exp(-x**2 - y**2),-33,-40,38,66*x*exp(-x**2 - y**2),66*y*exp(-x**2 - y**2),66,66,0,4356.0,Minimum
a*exp(-x**2 - y**2),-4,-28,-24,8*x*exp(-x**2 - y**2),8*y*exp(-x**2 - y**2),8,8,0,64.0,Minimum
a*exp(-x**2 - y**2),17,-30,20,-34*x*exp(-x**2 - y**2),-34*y*exp(-x**2 - y**2),-34,-34,0,1156.0,Maximum
a*exp(-x**2 - y**2),5,-21,4,-10*x*exp(-x**2 - y**2),-10*y*exp(-x**2 - y**2),-10,-10,0,100.0,Maximum
a*exp(-x**2 - y**2),-12,35,49,24*x*exp(-x**2 - y**2),24*y*exp(-x**2 - y**2),24,24,0,576.0,Minimum
a*exp(-x**2 - y**2),-14,-18,34,28*x*exp(-x**2 - y**2),28*y*exp(-x**2 - y**2),28,28,0,784.0,Minimum
a*exp(-x**2 - y**2),-15,-34,6,30*x*exp(-x**2 - y**2),30*y*exp(-x**2 - y**2),30,30,0,900.0,Minimum
a*exp(-x**2 - y**2),19,49,5,-38*x*exp(-x**2 - y**2),-38*y*exp(-x**2 - y**2),-38,-38,0,1444.0,Maximum
a*exp(-x**2 - y**2),4,26,46,-8*x*exp(-x**2 - y**2),-8*y*exp(-x**2 - y**2),-8,-8,0,64.0,Maximum
a*exp(-x**2 - y**2),-15,-5,-19,30*x*exp(-x**2 - y**2),30*y*exp(-x**2 - y**2),30,30,0,900.0,Minimum
a*exp(-x**2 - y**2),-5,13,35,10*x*exp(-x**2 - y**2),10*y*exp(-x**2 - y**2),10,10,0,100.0,Minimum
a*exp(-x**2 - y**2),11,-23,-28,-22*x*exp(-x**2 - y**2),-22*y*exp(-x**2 - y**2),-22,-22,0,484.0,Maximum
a*exp(-x**2 - y**2),-3,10,-36,6*x*exp(-x**2 - y**2),6*y*exp(-x**2 - y**2),6,6,0,36.0,Minimum
a*exp(-x**2 - y**2),-38,-48,38,76*x*exp(-x**2 - y**2),76*y*exp(-x**2 - y**2),76,76,0,5776.0,Minimum
a*exp(-x**2 - y**2),-15,10,42,30*x*exp(-x**2 - y**2),30*y*exp(-x**2 - y**2),30,30,0,900.0,Minimum
a*exp(-x**2 - y**2),-14,-30,-19,28*x*exp(-x**2 - y**2),28*y*exp(-x**2 - y**2),28,28,0,784.0,Minimum
a*exp(-x**2 - y**2),45,-18,-38,-90*x*exp(-x**2 - y**2),-90*y*exp(-x**2 - y**2),-90,-90,0,8100.0,Maximum
a*exp(-x**2 - y**2),39,-6,-39,-78*x*exp(-x**2 - y**2),-78*y*exp(-x**2 - y**2),-78,-78,0,6084.0,Maximum
a*exp(-x**2 - y**2),34,4,35,-68*x*exp(-x**2 - y**2),-68*y*exp(-x**2 - y**2),-68,-68,0,4624.0,Maximum
a*exp(-x**2 - y**2),-2,-8,6,4*x*exp(-x**2 - y**2),4*y*exp(-x**2 - y**2),4,4,0,16.0,Minimum
a*exp(-x**2 - y**2),-32,-39,28,64*x*exp(-x**2 - y**2),64*y*exp(-x**2 - y**2),64,64,0,4096.0,Minimum
a*exp(-x**2 - y**2),-4,-13,-38,8*x*exp(-x**2 - y**2),8*y*exp(-x**2 - y**2),8,8,0,64.0,Minimum
a*exp(-x**2 - y**2),2,36,28,-4*x*exp(-x**2 - y**2),-4*y*exp(-x**2 - y**2),-4,-4,0,16.0,Maximum
a*exp(-x**2 - y**2),-32,46,-11,64*x*exp(-x**2 - y**2),64*y*exp(-x**2 - y**2),64,64,0,4096.0,Minimum
a*exp(-x**2 - y**2),41,15,31,-82*x*exp(-x**2 - y**2),-82*y*exp(-x**2 - y**2),-82,-82,0,6724.0,Maximum
(a*x**2 + b*y**2)/(x**2 + y**2 + 1),37,-48,27,-2*x*(37*x**2 - 48*y**2)/(x**2 + y**2 + 1)**2 + 74*x/(x**2 + y**2 + 1),-2*y*(37*x**2 - 48*y**2)/(x**2 + y**2 + 1)**2 - 96*y/(x**2 + y**2 + 1),74,-96,0,-7104.0,Saddle Point
(a*x**2 + b*y**2)/(x**2 + y**2 + 1),-40,21,-24,-2*x*(-40*x**2 + 21*y**2)/(x**2 + y**2 + 1)**2 - 80*x/(x**2 + y**2 + 1),-2*y*(-40*x**2 + 21*y**2)/(x**2 + y**2 + 1)**2 + 42*y/(x**2 + y**2 + 1),-80,42,0,-3360.0,Saddle Point
(a*x**2 + b*y**2)/(x**2 + y**2 + 1),47,15,48,-2*x*(47*x**2 + 15*y**2)/(x**2 + y**2 + 1)**2 + 94*x/(x**2 + y**2 + 1),-2*y*(47*x**2 + 15*y**2)/(x**2 + y**2 + 1)**2 + 30*y/(x**2 + y**2 + 1),94,30,0,2820.0,Minimum
(a*x**2 + b*y**2)/(x**2 + y**2 + 1),8,-25,-33,-2*x*(8*x**2 - 25*y**2)/(x**2 + y**2 + 1)**2 + 16*x/(x**2 + y**2 + 1),-2*y*(8*x**2 - 25*y**2)/(x**2 + y**2 + 1)**2 - 50*y/(x**2 + y**2 + 1),16,-50,0,-800.0,Saddle Point
(a*x**2 + b*y**2)/(x**2 + y**2 + 1),-47,32,16,-2*x*(-47*x**2 + 32*y**2)/(x**2 + y**2 + 1)**2 - 94*x/(x**2 + y**2 + 1),-2*y*(-47*x**2 + 32*y**2)/(x**2 + y**2 + 1)**2 + 64*y/(x**2 + y**2 + 1),-94,64,0,-6016.0,Saddle Point
(a*x**2 + b*y**2)/(x**2 + y**2 + 1),-5,50,32,-2*x*(-5*x**2 + 50*y**2)/(x**2 + y**2 + 1)**2 - 10*x/(x**2 + y**2 + 1),-2*y*(-5*x**2 + 50*y**2)/(x**2 + y**2 + 1)**2 + 100*y/(x**2 + y**2 + 1),-10,100,0,-1000.0,Saddle Point
(a*x**2 + b*y**2)/(x**2 + y**2 + 1),12,-12,9,-2*x*(12*x**2 - 12*y**2)/(x**2 + y**2 + 1)**2 + 24*x/(x**2 + y**2 + 1),-2*y*(12*x**2 - 12*y**2)/(x**2 + y**2 + 1)**2 - 24*y/(x**2 + y**2 + 1),24,-24,0,-576.0,Saddle Point
(a*x**2 + b*y**2)/(x**2 + y**2 + 1),36,-38,35,-2*x*(36*x**2 - 38*y**2)/(x**2 + y**2 + 1)**2 + 72*x/(x**2 + y**2 + 1),-2*y*(36*x**2 - 38*y**2)/(x**2 + y**2 + 1)**2 - 76*y/(x**2 + y**2 + 1),72,-76,0,-5472.0,Saddle Point
(a*x**2 + b*y**2)/(x**2 + y**2 + 1),-47,-13,-33,-2*x*(-47*x**2 - 13*y**2)/(x**2 + y**2 + 1)**2 - 94*x/(x**2 + y**2 + 1),-2*y*(-47*x**2 - 13*y**2)/(x**2 + y**2 + 1)**2 - 26*y/(x**2 + y**2 + 1),-94,-26,0,2444.0,Maximum
(a*x**2 + b*y**2)/(x**2 + y**2 + 1),32,21,-5,-2*x*(32*x**2 + 21*y**2)/(x**2 + y**2 + 1)**2 + 64*x/(x**2 + y**2 + 1),-2*y*(32*x**2 + 21*y**2)/(x**2 + y**2 + 1)**2 + 42*y/(x**2 + y**2 + 1),64,42,0,2688.0,Minimum
(a*x**2 + b*y**2)/(x**2 + y**2 + 1),-38,44,25,-2*x*(-38*x**2 + 44*y**2)/(x**2 + y**2 + 1)**2 - 76*x/(x**2 + y**2 + 1),-2*y*(-38*x**2 + 44*y**2)/(x**2 + y**2 + 1)**2 + 88*y/(x**2 + y**2 + 1),-76,88,0,-6688.0,Saddle Point
(a*x**2 + b*y**2)/(x**2 + y**2 + 1),15,29,-48,-2*x*(15*x**2 + 29*y**2)/(x**2 + y**2 + 1)**2 + 30*x/(x**2 + y**2 + 1),-2*y*(15*x**2 + 29*y**2)/(x**2 + y**2 + 1)**2 + 58*y/(x**2 + y**2 + 1),30,58,0,1740.0,Minimum
(a*x**2 + b*y**2)/(x**2 + y**2 + 1),-25,30,42,-2*x*(-25*x**2 + 30*y**2)/(x**2 + y**2 + 1)**2 - 50*x/(x**2 + y**2 + 1),-2*y*(-25*x**2 + 30*y**2)/(x**2 + y**2 + 1)**2 + 60*y/(x**2 + y**2 + 1),-50,60,0,-3000.0,Saddle Point
(a*x**2 + b*y**2)/(x**2 + y**2 + 1),-23,17,11,-2*x*(-23*x**2 + 17*y**2)/(x**2 + y**2 + 1)**2 - 46*x/(x**2 + y**2 + 1),-2*y*(-23*x**2 + 17*y**2)/(x**2 + y**2 + 1)**2 + 34*y/(x**2 + y**2 + 1),-46,34,0,-1564.0,Saddle Point
(a*x**2 + b*y**2)/(x**2 + y**2 + 1),-24,-34,-17,-2*x*(-24*x**2 - 34*y**2)/(x**2 + y**2 + 1)**2 - 48*x/(x**2 + y**2 + 1),-2*y*(-24*x**2 - 34*y**2)/(x**2 + y**2 + 1)**2 - 68*y/(x**2 + y**2 + 1),-48,-68,0,3264.0,Maximum
(a*x**2 + b*y**2)/(x**2 + y**2 + 1),46,23,-5,-2*x*(46*x**2 + 23*y**2)/(x**2 + y**2 + 1)**2 + 92*x/(x**2 + y**2 + 1),-2*y*(46*x**2 + 23*y**2)/(x**2 + y**2 + 1)**2 + 46*y/(x**2 + y**2 + 1),92,46,0,4232.0,Minimum
(a*x**2 + b*y**2)/(x**2 + y**2 + 1),20,11,28,-2*x*(20*x**2 + 11*y**2)/(x**2 + y**2 + 1)**2 + 40*x/(x**2 + y**2 + 1),-2*y*(20*x**2 + 11*y**2)/(x**2 + y**2 + 1)**2 + 22*y/(x**2 + y**2 + 1),40,22,0,880.0,Minimum
(a*x**2 + b*y**2)/(x**2 + y**2 + 1),-4,-50,14,-2*x*(-4*x**2 - 50*y**2)/(x**2 + y**2 + 1)**2 - 8*x/(x**2 + y**2 + 1),-2*y*(-4*x**2 - 50*y**2)/(x**2 + y**2 + 1)**2 - 100*y/(x**2 + y**2 + 1),-8,-100,0,800.0,Maximum
(a*x**2 + b*y**2)/(x**2 + y**2 + 1),-4,-41,31,-2*x*(-4*x**2 - 41*y**2)/(x**2 + y**2 + 1)**2 - 8*x/(x**2 + y**2 + 1),-2*y*(-4*x**2 - 41*y**2)/(x**2 + y**2 + 1)**2 - 82*y/(x**2 + y**2 + 1),-8,-82,0,656.0,Maximum
(a*x**2 + b*y**2)/(x**2 + y**2 + 1),-9,-4,11,-2*x*(-9*x**2 - 4*y**2)/(x**2 + y**2 + 1)**2 - 18*x/(x**2 + y**2 + 1),-2*y*(-9*x**2 - 4*y**2)/(x**2 + y**2 + 1)**2 - 8*y/(x**2 + y**2 + 1),-18,-8,0,144.0,Maximum
(a*x**2 + b*y**2)/(x**2 + y**2 + 1),-43,-30,15,-2*x*(-43*x**2 - 30*y**2)/(x**2 + y**2 + 1)**2 - 86*x/(x**2 + y**2 + 1),-2*y*(-43*x**2 - 30*y**2)/(x**2 + y**2 + 1)**2 - 60*y/(x**2 + y**2 + 1),-86,-60,0,5160.0,Maximum
(a*x**2 + b*y**2)/(x**2 + y**2 + 1),18,-10,-19,-2*x*(18*x**2 - 10*y**2)/(x**2 + y**2 + 1)**2 + 36*x/(x**2 + y**2 + 1),-2*y*(18*x**2 - 10*y**2)/(x**2 + y**2 + 1)**2 - 20*y/(x**2 + y**2 + 1),36,-20,0,-720.0,Saddle Point
(a*x**2 + b*y**2)/(x**2 + y**2 + 1),-50,25,32,-2*x*(-50*x**2 + 25*y**2)/(x**2 + y**2 + 1)**2 - 100*x/(x**2 + y**2 + 1),-2*y*(-50*x**2 + 25*y**2)/(x**2 + y**2 + 1)**2 + 50*y/(x**2 + y**2 + 1),-100,50,0,-5000.0,Saddle Point
(a*x**2 + b*y**2)/(x**2 + y**2 + 1),-35,-22,21,-2*x*(-35*x**2 - 22*y**2)/(x**2 + y**2 + 1)**2 - 70*x/(x**2 + y**2 + 1),-2*y*(-35*x**2 - 22*y**2)/(x**2 + y**2 + 1)**2 - 44*y/(x**2 + y**2 + 1),-70,-44,0,3080.0,Maximum
(a*x**2 + b*y**2)/(x**2 + y**2 + 1),48,45,-40,-2*x*(48*x**2 + 45*y**2)/(x**2 + y**2 + 1)**2 + 96*x/(x**2 + y**2 + 1),-2*y*(48*x**2 + 45*y**2)/(x**2 + y**2 + 1)**2 + 90*y/(x**2 + y**2 + 1),96,90,0,8640.0,Minimum
(a*x**2 + b*y**2)/(x**2 + y**2 + 1),-28,22,-50,-2*x*(-28*x**2 + 22*y**2)/(x**2 + y**2 + 1)**2 - 56*x/(x**2 + y**2 + 1),-2*y*(-28*x**2 + 22*y**2)/(x**2 + y**2 + 1)**2 + 44*y/(x**2 + y**2 + 1),-56,44,0,-2464.0,Saddle Point
(a*x**2 + b*y**2)/(x**2 + y**2 + 1),3,16,24,-2*x*(3*x**2 + 16*y**2)/(x**2 + y**2 + 1)**2 + 6*x/(x**2 + y**2 + 1),-2*y*(3*x**2 + 16*y**2)/(x**2 + y**2 + 1)**2 + 32*y/(x**2 + y**2 + 1),6,32,0,192.0,Minimum
(a*x**2 + b*y**2)/(x**2 + y**2 + 1),-2,-39,30,-2*x*(-2*x**2 - 39*y**2)/(x**2 + y**2 + 1)**2 - 4*x/(x**2 + y**2 + 1),-2*y*(-2*x**2 - 39*y**2)/(x**2 + y**2 + 1)**2 - 78*y/(x**2 + y**2 + 1),-4,-78,0,312.0,Maximum
(a*x**2 + b*y**2)/(x**2 + y**2 + 1),28,28,33,-2*x*(28*x**2 + 28*y**2)/(x**2 + y**2 + 1)**2 + 56*x/(x**2 + y**2 + 1),-2*y*(28*x**2 + 28*y**2)/(x**2 + y**2 + 1)**2 + 56*y/(x**2 + y**2 + 1),56,56,0,3136.0,Minimum
(a*x**2 + b*y**2)/(x**2 + y**2 + 1),44,16,-34,-2*x*(44*x**2 + 16*y**2)/(x**2 + y**2 + 1)**2 + 88*x/(x**2 + y**2 + 1),-2*y*(44*x**2 + 16*y**2)/(x**2 + y**2 + 1)**2 + 32*y/(x**2 + y**2 + 1),88,32,0,2816.0,Minimum
(a*x**2 + b*y**2)/(x**2 + y**2 + 1),-32,3,-40,-2*x*(-32*x**2 + 3*y**2)/(x**2 + y**2 + 1)**2 - 64*x/(x**2 + y**2 + 1),-2*y*(-32*x**2 + 3*y**2)/(x**2 + y**2 + 1)**2 + 6*y/(x**2 + y**2 + 1),-64,6,0,-384.0,Saddle Point
(a*x**2 + b*y**2)/(x**2 + y**2 + 1),8,-33,-30,-2*x*(8*x**2 - 33*y**2)/(x**2 + y**2 + 1)**2 + 16*x/(x**2 + y**2 + 1),-2*y*(8*x**2 - 33*y**2)/(x**2 + y**2 + 1)**2 - 66*y/(x**2 + y**2 + 1),16,-66,0,-1056.0,Saddle Point
(a*x**2 + b*y**2)/(x**2 + y**2 + 1),17,3,26,-2*x*(17*x**2 + 3*y**2)/(x**2 + y**2 + 1)**2 + 34*x/(x**2 + y**2 + 1),-2*y*(17*x**2 + 3*y**2)/(x**2 + y**2 + 1)**2 + 6*y/(x**2 + y**2 + 1),34,6,0,204.0,Minimum
(a*x**2 + b*y**2)/(x**2 + y**2 + 1),20,8,-32,-2*x*(20*x**2 + 8*y**2)/(x**2 + y**2 + 1)**2 + 40*x/(x**2 + y**2 + 1),-2*y*(20*x**2 + 8*y**2)/(x**2 + y**2 + 1)**2 + 16*y/(x**2 + y**2 + 1),40,16,0,640.0,Minimum
(a*x**2 + b*y**2)/(x**2 + y**2 + 1),37,-32,46,-2*x*(37*x**2 - 32*y**2)/(x**2 + y**2 + 1)**2 + 74*x/(x**2 + y**2 + 1),-2*y*(37*x**2 - 32*y**2)/(x**2 + y**2 + 1)**2 - 64*y/(x**2 + y**2 + 1),74,-64,0,-4736.0,Saddle Point
(a*x**2 + b*y**2)/(x**2 + y**2 + 1),-41,16,32,-2*x*(-41*x**2 + 16*y**2)/(x**2 + y**2 + 1)**2 - 82*x/(x**2 + y**2 + 1),-2*y*(-41*x**2 + 16*y**2)/(x**2 + y**2 + 1)**2 + 32*y/(x**2 + y**2 + 1),-82,32,0,-2624.0,Saddle Point
(a*x**2 + b*y**2)/(x**2 + y**2 + 1),-41,35,10,-2*x*(-41*x**2 + 35*y**2)/(x**2 + y**2 + 1)**2 - 82*x/(x**2 + y**2 + 1),-2*y*(-41*x**2 + 35*y**2)/(x**2 + y**2 + 1)**2 + 70*y/(x**2 + y**2 + 1),-82,70,0,-5740.0,Saddle Point
(a*x**2 + b*y**2)/(x**2 + y**2 + 1),4,-30,-48,-2*x*(4*x**2 - 30*y**2)/(x**2 + y**2 + 1)**2 + 8*x/(x**2 + y**2 + 1),-2*y*(4*x**2 - 30*y**2)/(x**2 + y**2 + 1)**2 - 60*y/(x**2 + y**2 + 1),8,-60,0,-480.0,Saddle Point
(a*x**2 + b*y**2)/(x**2 + y**2 + 1),10,35,2,-2*x*(10*x**2 + 35*y**2)/(x**2 + y**2 + 1)**2 + 20*x/(x**2 + y**2 + 1),-2*y*(10*x**2 + 35*y**2)/(x**2 + y**2 + 1)**2 + 70*y/(x**2 + y**2 + 1),20,70,0,1400.0,Minimum
(a*x**2 + b*y**2)/(x**2 + y**2 + 1),-50,4,16,-2*x*(-50*x**2 + 4*y**2)/(x**2 + y**2 + 1)**2 - 100*x/(x**2 + y**2 + 1),-2*y*(-50*x**2 + 4*y**2)/(x**2 + y**2 + 1)**2 + 8*y/(x**2 + y**2 + 1),-100,8,0,-800.0,Saddle Point
(a*x**2 + b*y**2)/(x**2 + y**2 + 1),46,-2,-3,-2*x*(46*x**2 - 2*y**2)/(x**2 + y**2 + 1)**2 + 92*x/(x**2 + y**2 + 1),-2*y*(46*x**2 - 2*y**2)/(x**2 + y**2 + 1)**2 - 4*y/(x**2 + y**2 + 1),92,-4,0,-368.0,Saddle Point
(a*x**2 + b*y**2)/(x**2 + y**2 + 1),-47,35,-10,-2*x*(-47*x**2 + 35*y**2)/(x**2 + y**2 + 1)**2 - 94*x/(x**2 + y**2 + 1),-2*y*(-47*x**2 + 35*y**2)/(x**2 + y**2 + 1)**2 + 70*y/(x**2 + y**2 + 1),-94,70,0,-6580.0,Saddle Point
(a*x**2 + b*y**2)/(x**2 + y**2 + 1),39,-30,21,-2*x*(39*x**2 - 30*y**2)/(x**2 + y**2 + 1)**2 + 78*x/(x**2 + y**2 + 1),-2*y*(39*x**2 - 30*y**2)/(x**2 + y**2 + 1)**2 - 60*y/(x**2 + y**2 + 1),78,-60,0,-4680.0,Saddle Point
(a*x**2 + b*y**2)/(x**2 + y**2 + 1),-38,25,23,-2*x*(-38*x**2 + 25*y**2)/(x**2 + y**2 + 1)**2 - 76*x/(x**2 + y**2 + 1),-2*y*(-38*x**2 + 25*y**2)/(x**2 + y**2 + 1)**2 + 50*y/(x**2 + y**2 + 1),-76,50,0,-3800.0,Saddle Point
(a*x**2 + b*y**2)/(x**2 + y**2 + 1),-40,-35,6,-2*x*(-40*x**2 - 35*y**2)/(x**2 + y**2 + 1)**2 - 80*x/(x**2 + y**2 + 1),-2*y*(-40*x**2 - 35*y**2)/(x**2 + y**2 + 1)**2 - 70*y/(x**2 + y**2 + 1),-80,-70,0,5600.0,Maximum
(a*x**2 + b*y**2)/(x**2 + y**2 + 1),-36,48,28,-2*x*(-36*x**2 + 48*y**2)/(x**2 + y**2 + 1)**2 - 72*x/(x**2 + y**2 + 1),-2*y*(-36*x**2 + 48*y**2)/(x**2 + y**2 + 1)**2 + 96*y/(x**2 + y**2 + 1),-72,96,0,-6912.0,Saddle Point
(a*x**2 + b*y**2)/(x**2 + y**2 + 1),-21,-40,20,-2*x*(-21*x**2 - 40*y**2)/(x**2 + y**2 + 1)**2 - 42*x/(x**2 + y**2 + 1),-2*y*(-21*x**2 - 40*y**2)/(x**2 + y**2 + 1)**2 - 80*y/(x**2 + y**2 + 1),-42,-80,0,3360.0,Maximum
(a*x**2 + b*y**2)/(x**2 + y**2 + 1),42,-7,-38,-2*x*(42*x**2 - 7*y**2)/(x**2 + y**2 + 1)**2 + 84*x/(x**2 + y**2 + 1),-2*y*(42*x**2 - 7*y**2)/(x**2 + y**2 + 1)**2 - 14*y/(x**2 + y**2 + 1),84,-14,0,-1176.0,Saddle Point
(a*x**2 + b*y**2)/(x**2 + y**2 + 1),22,-24,-13,-2*x*(22*x**2 - 24*y**2)/(x**2 + y**2 + 1)**2 + 44*x/(x**2 + y**2 + 1),-2*y*(22*x**2 - 24*y**2)/(x**2 + y**2 + 1)**2 - 48*y/(x**2 + y**2 + 1),44,-48,0,-2112.0,Saddle Point
(a*x**2 + b*y**2)/(x**2 + y**2 + 1),2,-22,1,-2*x*(2*x**2 - 22*y**2)/(x**2 + y**2 + 1)**2 + 4*x/(x**2 + y**2 + 1),-2*y*(2*x**2 - 22*y**2)/(x**2 + y**2 + 1)**2 - 44*y/(x**2 + y**2 + 1),4,-44,0,-176.0,Saddle Point
(a*x**2 + b*y**2)/(x**2 + y**2 + 1),47,-5,-30,-2*x*(47*x**2 - 5*y**2)/(x**2 + y**2 + 1)**2 + 94*x/(x**2 + y**2 + 1),-2*y*(47*x**2 - 5*y**2)/(x**2 + y**2 + 1)**2 - 10*y/(x**2 + y**2 + 1),94,-10,0,-940.0,Saddle Point
(a*x**2 + b*y**2)/(x**2 + y**2 + 1),40,-49,27,-2*x*(40*x**2 - 49*y**2)/(x**2 + y**2 + 1)**2 + 80*x/(x**2 + y**2 + 1),-2*y*(40*x**2 - 49*y**2)/(x**2 + y**2 + 1)**2 - 98*y/(x**2 + y**2 + 1),80,-98,0,-7840.0,Saddle Point
(a*x**2 + b*y**2)/(x**2 + y**2 + 1),1,-20,-7,-2*x*(x**2 - 20*y**2)/(x**2 + y**2 + 1)**2 + 2*x/(x**2 + y**2 + 1),-2*y*(x**2 - 20*y**2)/(x**2 + y**2 + 1)**2 - 40*y/(x**2 + y**2 + 1),2,-40,0,-80.0,Saddle Point
(a*x**2 + b*y**2)/(x**2 + y**2 + 1),-19,-16,50,-2*x*(-19*x**2 - 16*y**2)/(x**2 + y**2 + 1)**2 - 38*x/(x**2 + y**2 + 1),-2*y*(-19*x**2 - 16*y**2)/(x**2 + y**2 + 1)**2 - 32*y/(x**2 + y**2 + 1),-38,-32,0,1216.0,Maximum
(a*x**2 + b*y**2)/(x**2 + y**2 + 1),47,-17,-9,-2*x*(47*x**2 - 17*y**2)/(x**2 + y**2 + 1)**2 + 94*x/(x**2 + y**2 + 1),-2*y*(47*x**2 - 17*y**2)/(x**2 + y**2 + 1)**2 - 34*y/(x**2 + y**2 + 1),94,-34,0,-3196.0,Saddle Point
(a*x**2 + b*y**2)/(x**2 + y**2 + 1),15,36,3,-2*x*(15*x**2 + 36*y**2)/(x**2 + y**2 + 1)**2 + 30*x/(x**2 + y**2 + 1),-2*y*(15*x**2 + 36*y**2)/(x**2 + y**2 + 1)**2 + 72*y/(x**2 + y**2 + 1),30,72,0,2160.0,Minimum
(a*x**2 + b*y**2)/(x**2 + y**2 + 1),-37,-3,39,-2*x*(-37*x**2 - 3*y**2)/(x**2 + y**2 + 1)**2 - 74*x/(x**2 + y**2 + 1),-2*y*(-37*x**2 - 3*y**2)/(x**2 + y**2 + 1)**2 - 6*y/(x**2 + y**2 + 1),-74,-6,0,444.0,Maximum
(a*x**2 + b*y**2)/(x**2 + y**2 + 1),-36,47,38,-2*x*(-36*x**2 + 47*y**2)/(x**2 + y**2 + 1)**2 - 72*x/(x**2 + y**2 + 1),-2*y*(-36*x**2 + 47*y**2)/(x**2 + y**2 + 1)**2 + 94*y/(x**2 + y**2 + 1),-72,94,0,-6768.0,Saddle Point
(a*x**2 + b*y**2)/(x**2 + y**2 + 1),-17,-30,-43,-2*x*(-17*x**2 - 30*y**2)/(x**2 + y**2 + 1)**2 - 34*x/(x**2 + y**2 + 1),-2*y*(-17*x**2 - 30*y**2)/(x**2 + y**2 + 1)**2 - 60*y/(x**2 + y**2 + 1),-34,-60,0,2040.0,Maximum
(a*x**2 + b*y**2)/(x**2 + y**2 + 1),-26,-14,-6,-2*x*(-26*x**2 - 14*y**2)/(x**2 + y**2 + 1)**2 - 52*x/(x**2 + y**2 + 1),-2*y*(-26*x**2 - 14*y**2)/(x**2 + y**2 + 1)**2 - 28*y/(x**2 + y**2 + 1),-52,-28,0,1456.0,Maximum
(a*x**2 + b*y**2)/(x**2 + y**2 + 1),-27,38,13,-2*x*(-27*x**2 + 38*y**2)/(x**2 + y**2 + 1)**2 - 54*x/(x**2 + y**2 + 1),-2*y*(-27*x**2 + 38*y**2)/(x**2 + y**2 + 1)**2 + 76*y/(x**2 + y**2 + 1),-54,76,0,-4104.0,Saddle Point
(a*x**2 + b*y**2)/(x**2 + y**2 + 1),-34,17,-43,-2*x*(-34*x**2 + 17*y**2)/(x**2 + y**2 + 1)**2 - 68*x/(x**2 + y**2 + 1),-2*y*(-34*x**2 + 17*y**2)/(x**2 + y**2 + 1)**2 + 34*y/(x**2 + y**2 + 1),-68,34,0,-2312.0,Saddle Point
(a*x**2 + b*y**2)/(x**2 + y**2 + 1),6,41,6,-2*x*(6*x**2 + 41*y**2)/(x**2 + y**2 + 1)**2 + 12*x/(x**2 + y**2 + 1),-2*y*(6*x**2 + 41*y**2)/(x**2 + y**2 + 1)**2 + 82*y/(x**2 + y**2 + 1),12,82,0,984.0,Minimum
(a*x**2 + b*y**2)/(x**2 + y**2 + 1),-39,-43,-43,-2*x*(-39*x**2 - 43*y**2)/(x**2 + y**2 + 1)**2 - 78*x/(x**2 + y**2 + 1),-2*y*(-39*x**2 - 43*y**2)/(x**2 + y**2 + 1)**2 - 86*y/(x**2 + y**2 + 1),-78,-86,0,6708.0,Maximum
(a*x**2 + b*y**2)/(x**2 + y**2 + 1),28,28,-11,-2*x*(28*x**2 + 28*y**2)/(x**2 + y**2 + 1)**2 + 56*x/(x**2 + y**2 + 1),-2*y*(28*x**2 + 28*y**2)/(x**2 + y**2 + 1)**2 + 56*y/(x**2 + y**2 + 1),56,56,0,3136.0,Minimum
(a*x**2 + b*y**2)/(x**2 + y**2 + 1),-6,-18,0,-2*x*(-6*x**2 - 18*y**2)/(x**2 + y**2 + 1)**2 - 12*x/(x**2 + y**2 + 1),-2*y*(-6*x**2 - 18*y**2)/(x**2 + y**2 + 1)**2 - 36*y/(x**2 + y**2 + 1),-12,-36,0,432.0,Maximum
(a*x**2 + b*y**2)/(x**2 + y**2 + 1),-35,19,19,-2*x*(-35*x**2 + 19*y**2)/(x**2 + y**2 + 1)**2 - 70*x/(x**2 + y**2 + 1),-2*y*(-35*x**2 + 19*y**2)/(x**2 + y**2 + 1)**2 + 38*y/(x**2 + y**2 + 1),-70,38,0,-2660.0,Saddle Point
(a*x**2 + b*y**2)/(x**2 + y**2 + 1),-5,50,39,-2*x*(-5*x**2 + 50*y**2)/(x**2 + y**2 + 1)**2 - 10*x/(x**2 + y**2 + 1),-2*y*(-5*x**2 + 50*y**2)/(x**2 + y**2 + 1)**2 + 100*y/(x**2 + y**2 + 1),-10,100,0,-1000.0,Saddle Point
(a*x**2 + b*y**2)/(x**2 + y**2 + 1),-15,-16,50,-2*x*(-15*x**2 - 16*y**2)/(x**2 + y**2 + 1)**2 - 30*x/(x**2 + y**2 + 1),-2*y*(-15*x**2 - 16*y**2)/(x**2 + y**2 + 1)**2 - 32*y/(x**2 + y**2 + 1),-30,-32,0,960.0,Maximum
(a*x**2 + b*y**2)/(x**2 + y**2 + 1),22,-18,-45,-2*x*(22*x**2 - 18*y**2)/(x**2 + y**2 + 1)**2 + 44*x/(x**2 + y**2 + 1),-2*y*(22*x**2 - 18*y**2)/(x**2 + y**2 + 1)**2 - 36*y/(x**2 + y**2 + 1),44,-36,0,-1584.0,Saddle Point
(a*x**2 + b*y**2)/(x**2 + y**2 + 1),-30,-33,0,-2*x*(-30*x**2 - 33*y**2)/(x**2 + y**2 + 1)**2 - 60*x/(x**2 + y**2 + 1),-2*y*(-30*x**2 - 33*y**2)/(x**2 + y**2 + 1)**2 - 66*y/(x**2 + y**2 + 1),-60,-66,0,3960.0,Maximum
(a*x**2 + b*y**2)/(x**2 + y**2 + 1),-9,18,48,-2*x*(-9*x**2 + 18*y**2)/(x**2 + y**2 + 1)**2 - 18*x/(x**2 + y**2 + 1),-2*y*(-9*x**2 + 18*y**2)/(x**2 + y**2 + 1)**2 + 36*y/(x**2 + y**2 + 1),-18,36,0,-648.0,Saddle Point
(a*x**2 + b*y**2)/(x**2 + y**2 + 1),-6,17,7,-2*x*(-6*x**2 + 17*y**2)/(x**2 + y**2 + 1)**2 - 12*x/(x**2 + y**2 + 1),-2*y*(-6*x**2 + 17*y**2)/(x**2 + y**2 + 1)**2 + 34*y/(x**2 + y**2 + 1),-12,34,0,-408.0,Saddle Point
(a*x**2 + b*y**2)/(x**2 + y**2 + 1),38,4,30,-2*x*(38*x**2 + 4*y**2)/(x**2 + y**2 + 1)**2 + 76*x/(x**2 + y**2 + 1),-2*y*(38*x**2 + 4*y**2)/(x**2 + y**2 + 1)**2 + 8*y/(x**2 + y**2 + 1),76,8,0,608.0,Minimum
(a*x**2 + b*y**2)/(x**2 + y**2 + 1),35,49,-2,-2*x*(35*x**2 + 49*y**2)/(x**2 + y**2 + 1)**2 + 70*x/(x**2 + y**2 + 1),-2*y*(35*x**2 + 49*y**2)/(x**2 + y**2 + 1)**2 + 98*y/(x**2 + y**2 + 1),70,98,0,6860.0,Minimum
a*cos(x) + b*sin(y),26,31,1,-26*sin(x),31*cos(y),-26,-31,0,806.0,Maximum
a*cos(x) + b*sin(y),26,31,1,-26*sin(x),31*cos(y),-26,31,0,-806.0,Saddle Point
a*cos(x) + b*sin(y),26,31,1,-26*sin(x),31*cos(y),26,-31,0,-806.0,Saddle Point
a*cos(x) + b*sin(y),26,31,1,-26*sin(x),31*cos(y),26,31,0,806.0,Minimum
a*cos(x) + b*sin(y),-37,25,-4,37*sin(x),25*cos(y),37,-25,0,-925.0,Saddle Point
a*cos(x) + b*sin(y),-37,25,-4,37*sin(x),25*cos(y),37,25,0,925.0,Minimum
a*cos(x) + b*sin(y),-37,25,-4,37*sin(x),25*cos(y),-37,-25,0,925.0,Maximum
a*cos(x) + b*sin(y),-37,25,-4,37*sin(x),25*cos(y),-37,25,0,-925.0,Saddle Point
a*cos(x) + b*sin(y),-34,7,31,34*sin(x),7*cos(y),34,-7,0,-238.0,Saddle Point
a*cos(x) + b*sin(y),-34,7,31,34*sin(x),7*cos(y),34,7,0,238.0,Minimum
a*cos(x) + b*sin(y),-34,7,31,34*sin(x),7*cos(y),-34,-7,0,238.0,Maximum
a*cos(x) + b*sin(y),-34,7,31,34*sin(x),7*cos(y),-34,7,0,-238.0,Saddle Point
a*cos(x) + b*sin(y),13,-29,13,-13*sin(x),-29*cos(y),-13,29,0,-377.0,Saddle Point
a*cos(x) + b*sin(y),13,-29,13,-13*sin(x),-29*cos(y),-13,-29,0,377.0,Maximum
a*cos(x) + b*sin(y),13,-29,13,-13*sin(x),-29*cos(y),13,29,0,377.0,Minimum
a*cos(x) + b*sin(y),13,-29,13,-13*sin(x),-29*cos(y),13,-29,0,-377.0,Saddle Point
a*cos(x) + b*sin(y),-42,36,6,42*sin(x),36*cos(y),42,-36,0,-1512.0,Saddle Point
a*cos(x) + b*sin(y),-42,36,6,42*sin(x),36*cos(y),42,36,0,1512.0,Minimum
a*cos(x) + b*sin(y),-42,36,6,42*sin(x),36*cos(y),-42,-36,0,1512.0,Maximum
a*cos(x) + b*sin(y),-42,36,6,42*sin(x),36*cos(y),-42,36,0,-1512.0,Saddle Point
a*cos(x) + b*sin(y),-8,21,8,8*sin(x),21*cos(y),8,-21,0,-168.0,Saddle Point
a*cos(x) + b*sin(y),-8,21,8,8*sin(x),21*cos(y),8,21,0,168.0,Minimum
a*cos(x) + b*sin(y),-8,21,8,8*sin(x),21*cos(y),-8,-21,0,168.0,Maximum
a*cos(x) + b*sin(y),-8,21,8,8*sin(x),21*cos(y),-8,21,0,-168.0,Saddle Point
a*cos(x) + b*sin(y),-49,-36,-42,49*sin(x),-36*cos(y),49,36,0,1764.0,Minimum
a*cos(x) + b*sin(y),-49,-36,-42,49*sin(x),-36*cos(y),49,-36,0,-1764.0,Saddle Point
a*cos(x) + b*sin(y),-49,-36,-42,49*sin(x),-36*cos(y),-49,36,0,-1764.0,Saddle Point
a*cos(x) + b*sin(y),-49,-36,-42,49*sin(x),-36*cos(y),-49,-36,0,1764.0,Maximum
a*cos(x) + b*sin(y),23,38,-27,-23*sin(x),38*cos(y),-23,-38,0,874.0,Maximum
a*cos(x) + b*sin(y),23,38,-27,-23*sin(x),38*cos(y),-23,38,0,-874.0,Saddle Point
a*cos(x) + b*sin(y),23,38,-27,-23*sin(x),38*cos(y),23,-38,0,-874.0,Saddle Point
a*cos(x) + b*sin(y),23,38,-27,-23*sin(x),38*cos(y),23,38,0,874.0,Minimum
a*cos(x) + b*sin(y),-5,18,1,5*sin(x),18*cos(y),5,-18,0,-90.0,Saddle Point
a*cos(x) + b*sin(y),-5,18,1,5*sin(x),18*cos(y),5,18,0,90.0,Minimum
a*cos(x) + b*sin(y),-5,18,1,5*sin(x),18*cos(y),-5,-18,0,90.0,Maximum
a*cos(x) + b*sin(y),-5,18,1,5*sin(x),18*cos(y),-5,18,0,-90.0,Saddle Point
a*cos(x) + b*sin(y),-16,-24,9,16*sin(x),-24*cos(y),16,24,0,384.0,Minimum
a*cos(x) + b*sin(y),-16,-24,9,16*sin(x),-24*cos(y),16,-24,0,-384.0,Saddle Point
a*cos(x) + b*sin(y),-16,-24,9,16*sin(x),-24*cos(y),-16,24,0,-384.0,Saddle Point
a*cos(x) + b*sin(y),-16,-24,9,16*sin(x),-24*cos(y),-16,-24,0,384.0,Maximum
a*cos(x) + b*sin(y),-18,46,22,18*sin(x),46*cos(y),18,-46,0,-828.0,Saddle Point
a*cos(x) + b*sin(y),-18,46,22,18*sin(x),46*cos(y),18,46,0,828.0,Minimum
a*cos(x) + b*sin(y),-18,46,22,18*sin(x),46*cos(y),-18,-46,0,828.0,Maximum
a*cos(x) + b*sin(y),-18,46,22,18*sin(x),46*cos(y),-18,46,0,-828.0,Saddle Point
a*cos(x) + b*sin(y),-25,47,27,25*sin(x),47*cos(y),25,-47,0,-1175.0,Saddle Point
a*cos(x) + b*sin(y),-25,47,27,25*sin(x),47*cos(y),25,47,0,1175.0,Minimum
a*cos(x) + b*sin(y),-25,47,27,25*sin(x),47*cos(y),-25,-47,0,1175.0,Maximum
a*cos(x) + b*sin(y),-25,47,27,25*sin(x),47*cos(y),-25,47,0,-1175.0,Saddle Point
a*cos(x) + b*sin(y),-50,46,33,50*sin(x),46*cos(y),50,-46,0,-2300.0,Saddle Point
a*cos(x) + b*sin(y),-50,46,33,50*sin(x),46*cos(y),50,46,0,2300.0,Minimum
a*cos(x) + b*sin(y),-50,46,33,50*sin(x),46*cos(y),-50,-46,0,2300.0,Maximum
a*cos(x) + b*sin(y),-50,46,33,50*sin(x),46*cos(y),-50,46,0,-2300.0,Saddle Point
a*cos(x) + b*sin(y),31,-48,-38,-31*sin(x),-48*cos(y),-31,48,0,-1488.0,Saddle Point
a*cos(x) + b*sin(y),31,-48,-38,-31*sin(x),-48*cos(y),-31,-48,0,1488.0,Maximum
a*cos(x) + b*sin(y),31,-48,-38,-31*sin(x),-48*cos(y),31,48,0,1488.0,Minimum
a*cos(x) + b*sin(y),31,-48,-38,-31*sin(x),-48*cos(y),31,-48,0,-1488.0,Saddle Point
a*cos(x) + b*sin(y),10,11,27,-10*sin(x),11*cos(y),-10,-11,0,110.0,Maximum
a*cos(x) + b*sin(y),10,11,27,-10*sin(x),11*cos(y),-10,11,0,-110.0,Saddle Point
a*cos(x) + b*sin(y),10,11,27,-10*sin(x),11*cos(y),10,-11,0,-110.0,Saddle Point
a*cos(x) + b*sin(y),10,11,27,-10*sin(x),11*cos(y),10,11,0,110.0,Minimum
a*cos(x) + b*sin(y),-16,-4,42,16*sin(x),-4*cos(y),16,4,0,64.0,Minimum
a*cos(x) + b*sin(y),-16,-4,42,16*sin(x),-4*cos(y),16,-4,0,-64.0,Saddle Point
a*cos(x) + b*sin(y),-16,-4,42,16*sin(x),-4*cos(y),-16,4,0,-64.0,Saddle Point
a*cos(x) + b*sin(y),-16,-4,42,16*sin(x),-4*cos(y),-16,-4,0,64.0,Maximum
a*cos(x) + b*sin(y),36,-22,10,-36*sin(x),-22*cos(y),-36,22,0,-792.0,Saddle Point
a*cos(x) + b*sin(y),36,-22,10,-36*sin(x),-22*cos(y),-36,-22,0,792.0,Maximum
a*cos(x) + b*sin(y),36,-22,10,-36*sin(x),-22*cos(y),36,22,0,792.0,Minimum
a*cos(x) + b*sin(y),36,-22,10,-36*sin(x),-22*cos(y),36,-22,0,-792.0,Saddle Point
a*cos(x) + b*sin(y),-25,-37,16,25*sin(x),-37*cos(y),25,37,0,925.0,Minimum
a*cos(x) + b*sin(y),-25,-37,16,25*sin(x),-37*cos(y),25,-37,0,-925.0,Saddle Point
a*cos(x) + b*sin(y),-25,-37,16,25*sin(x),-37*cos(y),-25,37,0,-925.0,Saddle Point
a*cos(x) + b*sin(y),-25,-37,16,25*sin(x),-37*cos(y),-25,-37,0,925.0,Maximum
a*cos(x) + b*sin(y),19,-8,29,-19*sin(x),-8*cos(y),-19,8,0,-152.0,Saddle Point
a*cos(x) + b*sin(y),19,-8,29,-19*sin(x),-8*cos(y),-19,-8,0,152.0,Maximum
a*cos(x) + b*sin(y),19,-8,29,-19*sin(x),-8*cos(y),19,8,0,152.0,Minimum
a*cos(x) + b*sin(y),19,-8,29,-19*sin(x),-8*cos(y),19,-8,0,-152.0,Saddle Point
a*cos(x) + b*sin(y),29,42,-23,-29*sin(x),42*cos(y),-29,-42,0,1218.0,Maximum
a*cos(x) + b*sin(y),29,42,-23,-29*sin(x),42*cos(y),-29,42,0,-1218.0,Saddle Point
a*cos(x) + b*sin(y),29,42,-23,-29*sin(x),42*cos(y),29,-42,0,-1218.0,Saddle Point
a*cos(x) + b*sin(y),29,42,-23,-29*sin(x),42*cos(y),29,42,0,1218.0,Minimum
a*cos(x) + b*sin(y),-4,4,42,4*sin(x),4*cos(y),4,-4,0,-16.0,Saddle Point
a*cos(x) + b*sin(y),-4,4,42,4*sin(x),4*cos(y),4,4,0,16.0,Minimum
a*cos(x) + b*sin(y),-4,4,42,4*sin(x),4*cos(y),-4,-4,0,16.0,Maximum
a*cos(x) + b*sin(y),-4,4,42,4*sin(x),4*cos(y),-4,4,0,-16.0,Saddle Point
a*cos(x) + b*sin(y),-17,24,49,17*sin(x),24*cos(y),17,-24,0,-408.0,Saddle Point
a*cos(x) + b*sin(y),-17,24,49,17*sin(x),24*cos(y),17,24,0,408.0,Minimum
a*cos(x) + b*sin(y),-17,24,49,17*sin(x),24*cos(y),-17,-24,0,408.0,Maximum
a*cos(x) + b*sin(y),-17,24,49,17*sin(x),24*cos(y),-17,24,0,-408.0,Saddle Point
a*cos(x) + b*sin(y),-32,32,-33,32*sin(x),32*cos(y),32,-32,0,-1024.0,Saddle Point
a*cos(x) + b*sin(y),-32,32,-33,32*sin(x),32*cos(y),32,32,0,1024.0,Minimum
a*cos(x) + b*sin(y),-32,32,-33,32*sin(x),32*cos(y),-32,-32,0,1024.0,Maximum
a*cos(x) + b*sin(y),-32,32,-33,32*sin(x),32*cos(y),-32,32,0,-1024.0,Saddle Point
a*cos(x) + b*sin(y),-50,-43,-25,50*sin(x),-43*cos(y),50,43,0,2150.0,Minimum
a*cos(x) + b*sin(y),-50,-43,-25,50*sin(x),-43*cos(y),50,-43,0,-2150.0,Saddle Point
a*cos(x) + b*sin(y),-50,-43,-25,50*sin(x),-43*cos(y),-50,43,0,-2150.0,Saddle Point
a*cos(x) + b*sin(y),-50,-43,-25,50*sin(x),-43*cos(y),-50,-43,0,2150.0,Maximum
a*cos(x) + b*sin(y),34,-16,-20,-34*sin(x),-16*cos(y),-34,16,0,-544.0,Saddle Point
a*cos(x) + b*sin(y),34,-16,-20,-34*sin(x),-16*cos(y),-34,-16,0,544.0,Maximum
a*cos(x) + b*sin(y),34,-16,-20,-34*sin(x),-16*cos(y),34,16,0,544.0,Minimum
a*cos(x) + b*sin(y),34,-16,-20,-34*sin(x),-16*cos(y),34,-16,0,-544.0,Saddle Point
a*cos(x) + b*sin(y),37,-4,-13,-37*sin(x),-4*cos(y),-37,4,0,-148.0,Saddle Point
a*cos(x) + b*sin(y),37,-4,-13,-37*sin(x),-4*cos(y),-37,-4,0,148.0,Maximum
a*cos(x) + b*sin(y),37,-4,-13,-37*sin(x),-4*cos(y),37,4,0,148.0,Minimum
a*cos(x) + b*sin(y),37,-4,-13,-37*sin(x),-4*cos(y),37,-4,0,-148.0,Saddle Point
a*cos(x) + b*sin(y),-44,-39,-3,44*sin(x),-39*cos(y),44,39,0,1716.0,Minimum
a*cos(x) + b*sin(y),-44,-39,-3,44*sin(x),-39*cos(y),44,-39,0,-1716.0,Saddle Point
a*cos(x) + b*sin(y),-44,-39,-3,44*sin(x),-39*cos(y),-44,39,0,-1716.0,Saddle Point
a*cos(x) + b*sin(y),-44,-39,-3,44*sin(x),-39*cos(y),-44,-39,0,1716.0,Maximum
a*cos(x) + b*sin(y),-27,-4,31,27*sin(x),-4*cos(y),27,4,0,108.0,Minimum
a*cos(x) + b*sin(y),-27,-4,31,27*sin(x),-4*cos(y),27,-4,0,-108.0,Saddle Point
a*cos(x) + b*sin(y),-27,-4,31,27*sin(x),-4*cos(y),-27,4,0,-108.0,Saddle Point
a*cos(x) + b*sin(y),-27,-4,31,27*sin(x),-4*cos(y),-27,-4,0,108.0,Maximum
a*cos(x) + b*sin(y),36,29,23,-36*sin(x),29*cos(y),-36,-29,0,1044.0,Maximum
a*cos(x) + b*sin(y),36,29,23,-36*sin(x),29*cos(y),-36,29,0,-1044.0,Saddle Point
a*cos(x) + b*sin(y),36,29,23,-36*sin(x),29*cos(y),36,-29,0,-1044.0,Saddle Point
a*cos(x) + b*sin(y),36,29,23,-36*sin(x),29*cos(y),36,29,0,1044.0,Minimum
a*cos(x) + b*sin(y),-42,2,34,42*sin(x),2*cos(y),42,-2,0,-84.0,Saddle Point
a*cos(x) + b*sin(y),-42,2,34,42*sin(x),2*cos(y),42,2,0,84.0,Minimum
a*cos(x) + b*sin(y),-42,2,34,42*sin(x),2*cos(y),-42,-2,0,84.0,Maximum
a*cos(x) + b*sin(y),-42,2,34,42*sin(x),2*cos(y),-42,2,0,-84.0,Saddle Point
a*cos(x) + b*sin(y),-43,-38,49,43*sin(x),-38*cos(y),43,38,0,1634.0,Minimum
a*cos(x) + b*sin(y),-43,-38,49,43*sin(x),-38*cos(y),43,-38,0,-1634.0,Saddle Point
a*cos(x) + b*sin(y),-43,-38,49,43*sin(x),-38*cos(y),-43,38,0,-1634.0,Saddle Point
a*cos(x) + b*sin(y),-43,-38,49,43*sin(x),-38*cos(y),-43,-38,0,1634.0,Maximum
a*cos(x) + b*sin(y),5,-22,12,-5*sin(x),-22*cos(y),-5,22,0,-110.0,Saddle Point
a*cos(x) + b*sin(y),5,-22,12,-5*sin(x),-22*cos(y),-5,-22,0,110.0,Maximum
a*cos(x) + b*sin(y),5,-22,12,-5*sin(x),-22*cos(y),5,22,0,110.0,Minimum
a*cos(x) + b*sin(y),5,-22,12,-5*sin(x),-22*cos(y),5,-22,0,-110.0,Saddle Point
a*cos(x) + b*sin(y),34,44,-50,-34*sin(x),44*cos(y),-34,-44,0,1496.0,Maximum
a*cos(x) + b*sin(y),34,44,-50,-34*sin(x),44*cos(y),-34,44,0,-1496.0,Saddle Point
a*cos(x) + b*sin(y),34,44,-50,-34*sin(x),44*cos(y),34,-44,0,-1496.0,Saddle Point
a*cos(x) + b*sin(y),34,44,-50,-34*sin(x),44*cos(y),34,44,0,1496.0,Minimum
a*cos(x) + b*sin(y),-33,-47,24,33*sin(x),-47*cos(y),33,47,0,1551.0,Minimum
a*cos(x) + b*sin(y),-33,-47,24,33*sin(x),-47*cos(y),33,-47,0,-1551.0,Saddle Point
a*cos(x) + b*sin(y),-33,-47,24,33*sin(x),-47*cos(y),-33,47,0,-1551.0,Saddle Point
a*cos(x) + b*sin(y),-33,-47,24,33*sin(x),-47*cos(y),-33,-47,0,1551.0,Maximum
a*cos(x) + b*sin(y),-22,-35,27,22*sin(x),-35*cos(y),22,35,0,770.0,Minimum
a*cos(x) + b*sin(y),-22,-35,27,22*sin(x),-35*cos(y),22,-35,0,-770.0,Saddle Point
a*cos(x) + b*sin(y),-22,-35,27,22*sin(x),-35*cos(y),-22,35,0,-770.0,Saddle Point
a*cos(x) + b*sin(y),-22,-35,27,22*sin(x),-35*cos(y),-22,-35,0,770.0,Maximum
a*cos(x) + b*sin(y),-34,-34,-9,34*sin(x),-34*cos(y),34,34,0,1156.0,Minimum
a*cos(x) + b*sin(y),-34,-34,-9,34*sin(x),-34*cos(y),34,-34,0,-1156.0,Saddle Point
a*cos(x) + b*sin(y),-34,-34,-9,34*sin(x),-34*cos(y),-34,34,0,-1156.0,Saddle Point
a*cos(x) + b*sin(y),-34,-34,-9,34*sin(x),-34*cos(y),-34,-34,0,1156.0,Maximum
a*cos(x) + b*sin(y),3,49,-43,-3*sin(x),49*cos(y),-3,-49,0,147.0,Maximum
a*cos(x) + b*sin(y),3,49,-43,-3*sin(x),49*cos(y),-3,49,0,-147.0,Saddle Point
a*cos(x) + b*sin(y),3,49,-43,-3*sin(x),49*cos(y),3,-49,0,-147.0,Saddle Point
a*cos(x) + b*sin(y),3,49,-43,-3*sin(x),49*cos(y),3,49,0,147.0,Minimum
a*cos(x) + b*sin(y),-36,-41,-2,36*sin(x),-41*cos(y),36,41,0,1476.0,Minimum
a*cos(x) + b*sin(y),-36,-41,-2,36*sin(x),-41*cos(y),36,-41,0,-1476.0,Saddle Point
a*cos(x) + b*sin(y),-36,-41,-2,36*sin(x),-41*cos(y),-36,41,0,-1476.0,Saddle Point
a*cos(x) + b*sin(y),-36,-41,-2,36*sin(x),-41*cos(y),-36,-41,0,1476.0,Maximum
a*cos(x) + b*sin(y),-17,31,9,17*sin(x),31*cos(y),17,-31,0,-527.0,Saddle Point
a*cos(x) + b*sin(y),-17,31,9,17*sin(x),31*cos(y),17,31,0,527.0,Minimum
a*cos(x) + b*sin(y),-17,31,9,17*sin(x),31*cos(y),-17,-31,0,527.0,Maximum
a*cos(x) + b*sin(y),-17,31,9,17*sin(x),31*cos(y),-17,31,0,-527.0,Saddle Point
a*cos(x) + b*sin(y),28,3,28,-28*sin(x),3*cos(y),-28,-3,0,84.0,Maximum
a*cos(x) + b*sin(y),28,3,28,-28*sin(x),3*cos(y),-28,3,0,-84.0,Saddle Point
a*cos(x) + b*sin(y),28,3,28,-28*sin(x),3*cos(y),28,-3,0,-84.0,Saddle Point
a*cos(x) + b*sin(y),28,3,28,-28*sin(x),3*cos(y),28,3,0,84.0,Minimum
a*cos(x) + b*sin(y),-22,-46,-7,22*sin(x),-46*cos(y),22,46,0,1012.0,Minimum
a*cos(x) + b*sin(y),-22,-46,-7,22*sin(x),-46*cos(y),22,-46,0,-1012.0,Saddle Point
a*cos(x) + b*sin(y),-22,-46,-7,22*sin(x),-46*cos(y),-22,46,0,-1012.0,Saddle Point
a*cos(x) + b*sin(y),-22,-46,-7,22*sin(x),-46*cos(y),-22,-46,0,1012.0,Maximum
a*cos(x) + b*sin(y),-18,41,44,18*sin(x),41*cos(y),18,-41,0,-738.0,Saddle Point
a*cos(x) + b*sin(y),-18,41,44,18*sin(x),41*cos(y),18,41,0,738.0,Minimum
a*cos(x) + b*sin(y),-18,41,44,18*sin(x),41*cos(y),-18,-41,0,738.0,Maximum
a*cos(x) + b*sin(y),-18,41,44,18*sin(x),41*cos(y),-18,41,0,-738.0,Saddle Point
a*cos(x) + b*sin(y),11,36,-6,-11*sin(x),36*cos(y),-11,-36,0,396.0,Maximum
a*cos(x) + b*sin(y),11,36,-6,-11*sin(x),36*cos(y),-11,36,0,-396.0,Saddle Point
a*cos(x) + b*sin(y),11,36,-6,-11*sin(x),36*cos(y),11,-36,0,-396.0,Saddle Point
a*cos(x) + b*sin(y),11,36,-6,-11*sin(x),36*cos(y),11,36,0,396.0,Minimum
a*cos(x) + b*sin(y),-20,-6,20,20*sin(x),-6*cos(y),20,6,0,120.0,Minimum
a*cos(x) + b*sin(y),-20,-6,20,20*sin(x),-6*cos(y),20,-6,0,-120.0,Saddle Point
a*cos(x) + b*sin(y),-20,-6,20,20*sin(x),-6*cos(y),-20,6,0,-120.0,Saddle Point
a*cos(x) + b*sin(y),-20,-6,20,20*sin(x),-6*cos(y),-20,-6,0,120.0,Maximum
a*cos(x) + b*sin(y),10,-34,30,-10*sin(x),-34*cos(y),-10,34,0,-340.0,Saddle Point
a*cos(x) + b*sin(y),10,-34,30,-10*sin(x),-34*cos(y),-10,-34,0,340.0,Maximum
a*cos(x) + b*sin(y),10,-34,30,-10*sin(x),-34*cos(y),10,34,0,340.0,Minimum
a*cos(x) + b*sin(y),10,-34,30,-10*sin(x),-34*cos(y),10,-34,0,-340.0,Saddle Point
a*cos(x) + b*sin(y),-31,14,7,31*sin(x),14*cos(y),31,-14,0,-434.0,Saddle Point
a*cos(x) + b*sin(y),-31,14,7,31*sin(x),14*cos(y),31,14,0,434.0,Minimum
a*cos(x) + b*sin(y),-31,14,7,31*sin(x),14*cos(y),-31,-14,0,434.0,Maximum
a*cos(x) + b*sin(y),-31,14,7,31*sin(x),14*cos(y),-31,14,0,-434.0,Saddle Point
a*cos(x) + b*sin(y),30,50,21,-30*sin(x),50*cos(y),-30,-50,0,1500.0,Maximum
a*cos(x) + b*sin(y),30,50,21,-30*sin(x),50*cos(y),-30,50,0,-1500.0,Saddle Point
a*cos(x) + b*sin(y),30,50,21,-30*sin(x),50*cos(y),30,-50,0,-1500.0,Saddle Point
a*cos(x) + b*sin(y),30,50,21,-30*sin(x),50*cos(y),30,50,0,1500.0,Minimum
a*cos(x) + b*sin(y),-48,-11,48,48*sin(x),-11*cos(y),48,11,0,528.0,Minimum
a*cos(x) + b*sin(y),-48,-11,48,48*sin(x),-11*cos(y),48,-11,0,-528.0,Saddle Point
a*cos(x) + b*sin(y),-48,-11,48,48*sin(x),-11*cos(y),-48,11,0,-528.0,Saddle Point
a*cos(x) + b*sin(y),-48,-11,48,48*sin(x),-11*cos(y),-48,-11,0,528.0,Maximum
a*cos(x) + b*sin(y),42,19,38,-42*sin(x),19*cos(y),-42,-19,0,798.0,Maximum
a*cos(x) + b*sin(y),42,19,38,-42*sin(x),19*cos(y),-42,19,0,-798.0,Saddle Point
a*cos(x) + b*sin(y),42,19,38,-42*sin(x),19*cos(y),42,-19,0,-798.0,Saddle Point
a*cos(x) + b*sin(y),42,19,38,-42*sin(x),19*cos(y),42,19,0,798.0,Minimum
a*cos(x) + b*sin(y),-14,12,-17,14*sin(x),12*cos(y),14,-12,0,-168.0,Saddle Point
a*cos(x) + b*sin(y),-14,12,-17,14*sin(x),12*cos(y),14,12,0,168.0,Minimum
a*cos(x) + b*sin(y),-14,12,-17,14*sin(x),12*cos(y),-14,-12,0,168.0,Maximum
a*cos(x) + b*sin(y),-14,12,-17,14*sin(x),12*cos(y),-14,12,0,-168.0,Saddle Point
a*cos(x) + b*sin(y),-20,-36,-17,20*sin(x),-36*cos(y),20,36,0,720.0,Minimum
a*cos(x) + b*sin(y),-20,-36,-17,20*sin(x),-36*cos(y),20,-36,0,-720.0,Saddle Point
a*cos(x) + b*sin(y),-20,-36,-17,20*sin(x),-36*cos(y),-20,36,0,-720.0,Saddle Point
a*cos(x) + b*sin(y),-20,-36,-17,20*sin(x),-36*cos(y),-20,-36,0,720.0,Maximum
a*cos(x) + b*sin(y),6,-40,12,-6*sin(x),-40*cos(y),-6,40,0,-240.0,Saddle Point
a*cos(x) + b*sin(y),6,-40,12,-6*sin(x),-40*cos(y),-6,-40,0,240.0,Maximum
a*cos(x) + b*sin(y),6,-40,12,-6*sin(x),-40*cos(y),6,40,0,240.0,Minimum
a*cos(x) + b*sin(y),6,-40,12,-6*sin(x),-40*cos(y),6,-40,0,-240.0,Saddle Point
a*cos(x) + b*sin(y),50,43,9,-50*sin(x),43*cos(y),-50,-43,0,2150.0,Maximum
a*cos(x) + b*sin(y),50,43,9,-50*sin(x),43*cos(y),-50,43,0,-2150.0,Saddle Point
a*cos(x) + b*sin(y),50,43,9,-50*sin(x),43*cos(y),50,-43,0,-2150.0,Saddle Point
a*cos(x) + b*sin(y),50,43,9,-50*sin(x),43*cos(y),50,43,0,2150.0,Minimum
a*cos(x) + b*sin(y),21,-29,-29,-21*sin(x),-29*cos(y),-21,29,0,-609.0,Saddle Point
a*cos(x) + b*sin(y),21,-29,-29,-21*sin(x),-29*cos(y),-21,-29,0,609.0,Maximum
a*cos(x) + b*sin(y),21,-29,-29,-21*sin(x),-29*cos(y),21,29,0,609.0,Minimum
a*cos(x) + b*sin(y),21,-29,-29,-21*sin(x),-29*cos(y),21,-29,0,-609.0,Saddle Point
a*cos(x) + b*sin(y),-3,5,10,3*sin(x),5*cos(y),3,-5,0,-15.0,Saddle Point
a*cos(x) + b*sin(y),-3,5,10,3*sin(x),5*cos(y),3,5,0,15.0,Minimum
a*cos(x) + b*sin(y),-3,5,10,3*sin(x),5*cos(y),-3,-5,0,15.0,Maximum
a*cos(x) + b*sin(y),-3,5,10,3*sin(x),5*cos(y),-3,5,0,-15.0,Saddle Point
a*cos(x) + b*sin(y),-25,-29,14,25*sin(x),-29*cos(y),25,29,0,725.0,Minimum
a*cos(x) + b*sin(y),-25,-29,14,25*sin(x),-29*cos(y),25,-29,0,-725.0,Saddle Point
a*cos(x) + b*sin(y),-25,-29,14,25*sin(x),-29*cos(y),-25,29,0,-725.0,Saddle Point
a*cos(x) + b*sin(y),-25,-29,14,25*sin(x),-29*cos(y),-25,-29,0,725.0,Maximum
a*cos(x) + b*sin(y),-1,-36,-32,sin(x),-36*cos(y),1,36,0,36.0,Minimum
a*cos(x) + b*sin(y),-1,-36,-32,sin(x),-36*cos(y),1,-36,0,-36.0,Saddle Point
a*cos(x) + b*sin(y),-1,-36,-32,sin(x),-36*cos(y),-1,36,0,-36.0,Saddle Point
a*cos(x) + b*sin(y),-1,-36,-32,sin(x),-36*cos(y),-1,-36,0,36.0,Maximum
a*cos(x) + b*sin(y),-28,-48,-6,28*sin(x),-48*cos(y),28,48,0,1344.0,Minimum
a*cos(x) + b*sin(y),-28,-48,-6,28*sin(x),-48*cos(y),28,-48,0,-1344.0,Saddle Point
a*cos(x) + b*sin(y),-28,-48,-6,28*sin(x),-48*cos(y),-28,48,0,-1344.0,Saddle Point
a*cos(x) + b*sin(y),-28,-48,-6,28*sin(x),-48*cos(y),-28,-48,0,1344.0,Maximum
a*cos(x) + b*sin(y),9,24,-12,-9*sin(x),24*cos(y),-9,-24,0,216.0,Maximum
a*cos(x) + b*sin(y),9,24,-12,-9*sin(x),24*cos(y),-9,24,0,-216.0,Saddle Point
a*cos(x) + b*sin(y),9,24,-12,-9*sin(x),24*cos(y),9,-24,0,-216.0,Saddle Point
a*cos(x) + b*sin(y),9,24,-12,-9*sin(x),24*cos(y),9,24,0,216.0,Minimum
a*cos(x) + b*sin(y),18,3,-20,-18*sin(x),3*cos(y),-18,-3,0,54.0,Maximum
a*cos(x) + b*sin(y),18,3,-20,-18*sin(x),3*cos(y),-18,3,0,-54.0,Saddle Point
a*cos(x) + b*sin(y),18,3,-20,-18*sin(x),3*cos(y),18,-3,0,-54.0,Saddle Point
a*cos(x) + b*sin(y),18,3,-20,-18*sin(x),3*cos(y),18,3,0,54.0,Minimum
a*cos(x) + b*sin(y),32,-1,46,-32*sin(x),-cos(y),-32,1,0,-32.0,Saddle Point
a*cos(x) + b*sin(y),32,-1,46,-32*sin(x),-cos(y),-32,-1,0,32.0,Maximum
a*cos(x) + b*sin(y),32,-1,46,-32*sin(x),-cos(y),32,1,0,32.0,Minimum
a*cos(x) + b*sin(y),32,-1,46,-32*sin(x),-cos(y),32,-1,0,-32.0,Saddle Point
a*cos(x) + b*sin(y),36,-6,-17,-36*sin(x),-6*cos(y),-36,6,0,-216.0,Saddle Point
a*cos(x) + b*sin(y),36,-6,-17,-36*sin(x),-6*cos(y),-36,-6,0,216.0,Maximum
a*cos(x) + b*sin(y),36,-6,-17,-36*sin(x),-6*cos(y),36,6,0,216.0,Minimum
a*cos(x) + b*sin(y),36,-6,-17,-36*sin(x),-6*cos(y),36,-6,0,-216.0,Saddle Point
a*cos(x) + b*sin(y),-2,45,-30,2*sin(x),45*cos(y),2,-45,0,-90.0,Saddle Point
a*cos(x) + b*sin(y),-2,45,-30,2*sin(x),45*cos(y),2,45,0,90.0,Minimum
a*cos(x) + b*sin(y),-2,45,-30,2*sin(x),45*cos(y),-2,-45,0,90.0,Maximum
a*cos(x) + b*sin(y),-2,45,-30,2*sin(x),45*cos(y),-2,45,0,-90.0,Saddle Point
a*cos(x) + b*sin(y),-28,-48,27,28*sin(x),-48*cos(y),28,48,0,1344.0,Minimum
a*cos(x) + b*sin(y),-28,-48,27,28*sin(x),-48*cos(y),28,-48,0,-1344.0,Saddle Point
a*cos(x) + b*sin(y),-28,-48,27,28*sin(x),-48*cos(y),-28,48,0,-1344.0,Saddle Point
a*cos(x) + b*sin(y),-28,-48,27,28*sin(x),-48*cos(y),-28,-48,0,1344.0,Maximum
a*cos(x) + b*sin(y),-3,-17,18,3*sin(x),-17*cos(y),3,17,0,51.0,Minimum
a*cos(x) + b*sin(y),-3,-17,18,3*sin(x),-17*cos(y),3,-17,0,-51.0,Saddle Point
a*cos(x) + b*sin(y),-3,-17,18,3*sin(x),-17*cos(y),-3,17,0,-51.0,Saddle Point
a*cos(x) + b*sin(y),-3,-17,18,3*sin(x),-17*cos(y),-3,-17,0,51.0,Maximum
a*cos(x) + b*sin(y),8,33,1,-8*sin(x),33*cos(y),-8,-33,0,264.0,Maximum
a*cos(x) + b*sin(y),8,33,1,-8*sin(x),33*cos(y),-8,33,0,-264.0,Saddle Point
a*cos(x) + b*sin(y),8,33,1,-8*sin(x),33*cos(y),8,-33,0,-264.0,Saddle Point
a*cos(x) + b*sin(y),8,33,1,-8*sin(x),33*cos(y),8,33,0,264.0,Minimum
a*cos(x) + b*sin(y),19,-33,19,-19*sin(x),-33*cos(y),-19,33,0,-627.0,Saddle Point
a*cos(x) + b*sin(y),19,-33,19,-19*sin(x),-33*cos(y),-19,-33,0,627.0,Maximum
a*cos(x) + b*sin(y),19,-33,19,-19*sin(x),-33*cos(y),19,33,0,627.0,Minimum
a*cos(x) + b*sin(y),19,-33,19,-19*sin(x),-33*cos(y),19,-33,0,-627.0,Saddle Point
a*cos(x) + b*sin(y),5,-46,39,-5*sin(x),-46*cos(y),-5,46,0,-230.0,Saddle Point
a*cos(x) + b*sin(y),5,-46,39,-5*sin(x),-46*cos(y),-5,-46,0,230.0,Maximum
a*cos(x) + b*sin(y),5,-46,39,-5*sin(x),-46*cos(y),5,46,0,230.0,Minimum
a*cos(x) + b*sin(y),5,-46,39,-5*sin(x),-46*cos(y),5,-46,0,-230.0,Saddle Point
a*cos(x) + b*sin(y),5,-5,30,-5*sin(x),-5*cos(y),-5,5,0,-25.0,Saddle Point
a*cos(x) + b*sin(y),5,-5,30,-5*sin(x),-5*cos(y),-5,-5,0,25.0,Maximum
a*cos(x) + b*sin(y),5,-5,30,-5*sin(x),-5*cos(y),5,5,0,25.0,Minimum
a*cos(x) + b*sin(y),5,-5,30,-5*sin(x),-5*cos(y),5,-5,0,-25.0,Saddle Point
a*cos(x) + b*sin(y),-1,8,0,sin(x),8*cos(y),1,-8,0,-8.0,Saddle Point
a*cos(x) + b*sin(y),-1,8,0,sin(x),8*cos(y),1,8,0,8.0,Minimum
a*cos(x) + b*sin(y),-1,8,0,sin(x),8*cos(y),-1,-8,0,8.0,Maximum
a*cos(x) + b*sin(y),-1,8,0,sin(x),8*cos(y),-1,8,0,-8.0,Saddle Point
a*cos(x) + b*sin(y),39,25,6,-39*sin(x),25*cos(y),-39,-25,0,975.0,Maximum
a*cos(x) + b*sin(y),39,25,6,-39*sin(x),25*cos(y),-39,25,0,-975.0,Saddle Point
a*cos(x) + b*sin(y),39,25,6,-39*sin(x),25*cos(y),39,-25,0,-975.0,Saddle Point
a*cos(x) + b*sin(y),39,25,6,-39*sin(x),25*cos(y),39,25,0,975.0,Minimum
a*cos(x) + b*sin(y),-22,-21,-42,22*sin(x),-21*cos(y),22,21,0,462.0,Minimum
a*cos(x) + b*sin(y),-22,-21,-42,22*sin(x),-21*cos(y),22,-21,0,-462.0,Saddle Point
a*cos(x) + b*sin(y),-22,-21,-42,22*sin(x),-21*cos(y),-22,21,0,-462.0,Saddle Point
a*cos(x) + b*sin(y),-22,-21,-42,22*sin(x),-21*cos(y),-22,-21,0,462.0,Maximum
a*cos(x) + b*sin(y),-14,41,20,14*sin(x),41*cos(y),14,-41,0,-574.0,Saddle Point
a*cos(x) + b*sin(y),-14,41,20,14*sin(x),41*cos(y),14,41,0,574.0,Minimum
a*cos(x) + b*sin(y),-14,41,20,14*sin(x),41*cos(y),-14,-41,0,574.0,Maximum
a*cos(x) + b*sin(y),-14,41,20,14*sin(x),41*cos(y),-14,41,0,-574.0,Saddle Point
a*cos(x) + b*sin(y),34,-36,10,-34*sin(x),-36*cos(y),-34,36,0,-1224.0,Saddle Point
a*cos(x) + b*sin(y),34,-36,10,-34*sin(x),-36*cos(y),-34,-36,0,1224.0,Maximum
a*cos(x) + b*sin(y),34,-36,10,-34*sin(x),-36*cos(y),34,36,0,1224.0,Minimum
a*cos(x) + b*sin(y),34,-36,10,-34*sin(x),-36*cos(y),34,-36,0,-1224.0,Saddle Point
a*cos(x) + b*sin(y),32,29,-28,-32*sin(x),29*cos(y),-32,-29,0,928.0,Maximum
a*cos(x) + b*sin(y),32,29,-28,-32*sin(x),29*cos(y),-32,29,0,-928.0,Saddle Point
a*cos(x) + b*sin(y),32,29,-28,-32*sin(x),29*cos(y),32,-29,0,-928.0,Saddle Point
a*cos(x) + b*sin(y),32,29,-28,-32*sin(x),29*cos(y),32,29,0,928.0,Minimum
